Motif Name	Consensus	p-value	Log p-value	Log2 enrichment ratio	# target sequences with Motif(total=1)	% of target sequences with Motif	# background sequences with Motif(total=100)	% of background sequences with Motif
MA0777.1:::MYBL2	AACCGTTAAACGGTC	1e-1	-3.507	5.059	1	100.00%	3	3.00%
MA1594.1:::ZNF382	AGGGGACATCACTACAGATCCCAC	1e-1	-3.507	5.059	1	100.00%	3	3.00%
MA0786.1:::POU3F1	TTATGCAAATTA	1e-1	-3.219	4.644	1	100.00%	4	4.00%
MA0787.1:::POU3F2	TTATGCAAATTA	1e-1	-3.219	4.644	1	100.00%	4	4.00%
MA0788.1:::POU3F3	ATTATGCTAATTT	1e-1	-3.219	4.644	1	100.00%	4	4.00%
MA1485.1:::FERD3L	GCAACAGCTGTTAC	1e-1	-3.219	4.644	1	100.00%	4	4.00%
MA0845.1:::FOXB1	TATGTAAATAT	1e-1	-2.996	4.322	1	100.00%	5	5.00%
MA0846.1:::FOXC2	TAAGTAAACAAA	1e-1	-2.996	4.322	1	100.00%	5	5.00%
MA0031.1:::FOXD1	GTAAACAT	1e-1	-2.813	4.059	1	100.00%	6	6.00%
MA0497.1:::MEF2C	ATGCTAAAAATAGAA	1e-1	-2.813	4.059	1	100.00%	6	6.00%
MA0601.1:::Arid3b	ATATTAATTAA	1e-1	-2.813	4.059	1	100.00%	6	6.00%
MA0892.1:::GSX1	CCTAATTAAA	1e-1	-2.813	4.059	1	100.00%	6	6.00%
MA1125.1:::ZNF384	TTTAAAAAAAAA	1e-1	-2.813	4.059	1	100.00%	6	6.00%
MA1553.1:::RARG	AAGGTCATGACCTT	1e-1	-2.813	4.059	1	100.00%	6	6.00%
MA1980.1:::ZNF418	AAGAGGCTAAAAGCA	1e-1	-2.813	4.059	1	100.00%	6	6.00%
MA0479.1:::FOXH1	TCCAATCCACA	1e-1	-2.659	3.837	1	100.00%	7	7.00%
MA0068.2:::PAX4	CTAATTAG	1e-1	-2.659	3.837	1	100.00%	7	7.00%
MA1487.2:::FOXE1	CCTAAATAAACAAA	1e-1	-2.659	3.837	1	100.00%	7	7.00%
MA0040.1:::Foxq1	TATTGTTTATT	1e-1	-2.526	3.644	1	100.00%	8	8.00%
MA0883.1:::Dmbx1	TGAACCGGATTAATGAA	1e-1	-2.526	3.644	1	100.00%	8	8.00%
MA1463.1:::ARGFX	TCTAATTAAA	1e-1	-2.526	3.644	1	100.00%	8	8.00%
MA1623.1:::Stat2	AGAAACAGAAACT	1e-1	-2.526	3.644	1	100.00%	8	8.00%
MA0047.3:::FOXA2	ATGTAAACATA	1e-1	-2.526	3.644	1	100.00%	8	8.00%
MA1974.1:::ZNF211	AATATATACCATATA	1e-1	-2.526	3.644	1	100.00%	8	8.00%
MA0029.1:::Mecom	AAGATAAGATAACA	1e-1	-2.408	3.474	1	100.00%	9	9.00%
MA0492.1:::JUND	AAAGATGATGTCATC	1e-1	-2.408	3.474	1	100.00%	9	9.00%
MA0793.1:::POU6F2	AGCTCATTAT	1e-1	-2.408	3.474	1	100.00%	9	9.00%
MA0851.1:::Foxj3	AAAAAGTAAACAAACAC	1e-1	-2.408	3.474	1	100.00%	9	9.00%
MA0873.1:::HOXD12	AGTCGTAAAAA	1e-1	-2.408	3.474	1	100.00%	9	9.00%
MA1616.1:::Prdm15	AGGAAAACCTGGAGC	1e-1	-2.408	3.474	1	100.00%	9	9.00%
MA1683.1:::FOXA3	ATGTAAACATA	1e-1	-2.408	3.474	1	100.00%	9	9.00%
MA0901.2:::HOXB13	AACCAATAAAATTT	1e-1	-2.408	3.474	1	100.00%	9	9.00%
MA0480.2:::Foxo1	ATGTAAACAGA	1e-1	-2.408	3.474	1	100.00%	9	9.00%
MA0593.1:::FOXP2	AAGTAAACAAA	1e0	-2.303	3.322	1	100.00%	10	10.00%
MA0675.1:::NKX6-2	CTAATTAA	1e0	-2.303	3.322	1	100.00%	10	10.00%
MA0676.1:::Nr2e1	AAAAGTCAA	1e0	-2.303	3.322	1	100.00%	10	10.00%
MA0717.1:::RAX2	CCAATTAA	1e0	-2.303	3.322	1	100.00%	10	10.00%
MA0148.4:::FOXA1	ATGTAAACATGT	1e0	-2.303	3.322	1	100.00%	10	10.00%
MA0041.2:::FOXD3	AAAGTAAATAAACAAT	1e0	-2.303	3.322	1	100.00%	10	10.00%
MA0080.6:::Spi1	AAAAAGAGGAAGTGGAA	1e0	-2.303	3.322	1	100.00%	10	10.00%
MA0488.1:::JUN	AAGATGATGTCAT	1e0	-2.207	3.184	1	100.00%	11	11.00%
MA0710.1:::NOTO	GCTAATTAGC	1e0	-2.207	3.184	1	100.00%	11	11.00%
MA1111.1:::NR2F2	CAAAGGTCAAA	1e0	-2.207	3.184	1	100.00%	11	11.00%
MA1103.2:::FOXK2	ATGTAAACAAG	1e0	-2.207	3.184	1	100.00%	11	11.00%
MA0035.4:::GATA1	TTCTAATCTAT	1e0	-2.207	3.184	1	100.00%	11	11.00%
MA0491.2:::JUND	TGATGACTCATCC	1e0	-2.207	3.184	1	100.00%	11	11.00%
MA0025.2:::NFIL3	TATTATGCAATAT	1e0	-2.207	3.184	1	100.00%	11	11.00%
MA0613.1:::FOXG1	GTAAACAA	1e0	-2.120	3.059	1	100.00%	12	12.00%
MA0674.1:::NKX6-1	GTAATTAA	1e0	-2.120	3.059	1	100.00%	12	12.00%
MA0880.1:::Dlx3	CCAATTAC	1e0	-2.120	3.059	1	100.00%	12	12.00%
MA1536.1:::NR2C2	GAGGTCAT	1e0	-2.120	3.059	1	100.00%	12	12.00%
MA1549.1:::POU6F1	ATAATGAGGT	1e0	-2.120	3.059	1	100.00%	12	12.00%
MA0038.2:::GFI1	CAAATCACTGCA	1e0	-2.120	3.059	1	100.00%	12	12.00%
MA0594.2:::HOXA9	GTCGTAAACG	1e0	-2.120	3.059	1	100.00%	12	12.00%
MA0701.2:::LHX9	CTAATTAA	1e0	-2.120	3.059	1	100.00%	12	12.00%
MA0490.2:::JUNB	AAATGACTCATTT	1e0	-2.120	3.059	1	100.00%	12	12.00%
MA0066.1:::PPARG	GTAGGTCACGGTGACCTACT	1e0	-2.040	2.943	1	100.00%	13	13.00%
MA0125.1:::Nobox	TAATTGGT	1e0	-2.040	2.943	1	100.00%	13	13.00%
MA0462.2:::BATF::JUN	TATGACTCATA	1e0	-2.040	2.943	1	100.00%	13	13.00%
MA0612.2:::EMX1	CTAATTAG	1e0	-2.040	2.943	1	100.00%	13	13.00%
MA0075.3:::PRRX2	CTAATTAA	1e0	-2.040	2.943	1	100.00%	13	13.00%
MA1634.1:::BATF	TATGACTCATA	1e0	-2.040	2.943	1	100.00%	13	13.00%
MA0835.2:::BATF3	TATGACTCATA	1e0	-2.040	2.943	1	100.00%	13	13.00%
MA0481.3:::FOXP1	ATGTAAACATA	1e0	-2.040	2.943	1	100.00%	13	13.00%
MA0157.3:::Foxo3	ATGTAAACAAAA	1e0	-2.040	2.943	1	100.00%	13	13.00%
MA0030.1:::FOXF2	CAAACGTAAACAAT	1e0	-1.966	2.837	1	100.00%	14	14.00%
MA0618.1:::LBX1	TTAATTAG	1e0	-1.966	2.837	1	100.00%	14	14.00%
MA0850.1:::FOXP3	GTAAACA	1e0	-1.966	2.837	1	100.00%	14	14.00%
MA0905.1:::HOXC10	GTCGTAAAAT	1e0	-1.966	2.837	1	100.00%	14	14.00%
MA1137.1:::FOSL1::JUNB	TGATGACTCATAC	1e0	-1.966	2.837	1	100.00%	14	14.00%
MA1142.1:::FOSL1::JUND	GATGACTCAT	1e0	-1.966	2.837	1	100.00%	14	14.00%
MA1606.1:::Foxf1	ATGTAAACAAA	1e0	-1.966	2.837	1	100.00%	14	14.00%
MA0900.2:::HOXA2	GTAATTAG	1e0	-1.966	2.837	1	100.00%	14	14.00%
MA0868.2:::SOX8	AGAACAATGG	1e0	-1.966	2.837	1	100.00%	14	14.00%
MA1988.1:::Atf3	GATGACTCATA	1e0	-1.966	2.837	1	100.00%	14	14.00%
MA0690.2:::TBX21	TTTCACACCTT	1e0	-1.966	2.837	1	100.00%	14	14.00%
MA0614.1:::Foxj2	GTAAACAA	1e0	-1.897	2.737	1	100.00%	15	15.00%
MA0718.1:::RAX	GCCAATTAAC	1e0	-1.897	2.737	1	100.00%	15	15.00%
MA0732.1:::EGR3	CTACGCCCACGCACT	1e0	-1.897	2.737	1	100.00%	15	15.00%
MA0889.1:::GBX1	ACTAATTAGC	1e0	-1.897	2.737	1	100.00%	15	15.00%
MA0852.2:::FOXK1	AATGTAAACAAGGC	1e0	-1.897	2.737	1	100.00%	15	15.00%
MA1148.1:::PPARA::RXRA	ATGTAGGTCAAAGGTCAT	1e0	-1.897	2.737	1	100.00%	15	15.00%
MA1725.1:::ZNF189	CATGCTGTTCCCT	1e0	-1.897	2.737	1	100.00%	15	15.00%
MA0102.4:::CEBPA	TTATTGCACAATAT	1e0	-1.897	2.737	1	100.00%	15	15.00%
MA0700.2:::LHX2	AACCAATTAAT	1e0	-1.897	2.737	1	100.00%	15	15.00%
MA0689.1:::TBX20	TAGGTGTGAAG	1e0	-1.833	2.644	1	100.00%	16	16.00%
MA0716.1:::PRRX1	CTAATTAA	1e0	-1.833	2.644	1	100.00%	16	16.00%
MA1530.1:::NKX6-3	CTCATTAAA	1e0	-1.833	2.644	1	100.00%	16	16.00%
MA1593.1:::ZNF317	TAACAGCAGACT	1e0	-1.833	2.644	1	100.00%	16	16.00%
MA0508.3:::PRDM1	TTCTTTCTCTT	1e0	-1.833	2.644	1	100.00%	16	16.00%
MA0869.2:::Sox11	GAGAACAAAGGA	1e0	-1.833	2.644	1	100.00%	16	16.00%
MA0879.2:::DLX1	GCAATTAC	1e0	-1.833	2.644	1	100.00%	16	16.00%
MA0108.2:::TBP	GTATAAAAGGCGGGG	1e0	-1.772	2.556	1	100.00%	17	17.00%
MA0027.2:::EN1	CTAATTAG	1e0	-1.772	2.556	1	100.00%	17	17.00%
MA1126.1:::FOS::JUN	GATGACGTCATCATTT	1e0	-1.772	2.556	1	100.00%	17	17.00%
MA1132.1:::JUN::JUNB	GATGACTCAT	1e0	-1.772	2.556	1	100.00%	17	17.00%
MA1150.1:::RORB	AATTAGGTCAC	1e0	-1.772	2.556	1	100.00%	17	17.00%
MA1481.1:::DRGX	CTAATTAC	1e0	-1.772	2.556	1	100.00%	17	17.00%
MA1500.1:::HOXB6	TTAATTAC	1e0	-1.772	2.556	1	100.00%	17	17.00%
MA1587.1:::ZNF135	CCTCGACCTCCTGA	1e0	-1.772	2.556	1	100.00%	17	17.00%
MA1998.1:::Prdm14	AGGGTCTCTAAC	1e0	-1.772	2.556	1	100.00%	17	17.00%
MA0644.2:::ESX1	CTAATTAG	1e0	-1.772	2.556	1	100.00%	17	17.00%
MA0650.3:::Hoxa13	AGCCAATAAAAA	1e0	-1.772	2.556	1	100.00%	17	17.00%
MA0720.1:::Shox2	CTAATTAA	1e0	-1.715	2.474	1	100.00%	18	18.00%
MA0017.2:::NR2F1	CAAAGGTCAAGGG	1e0	-1.715	2.474	1	100.00%	18	18.00%
MA0800.1:::EOMES	AAGGTGTGAAAAT	1e0	-1.715	2.474	1	100.00%	18	18.00%
MA0802.1:::TBR1	AGGTGTGAAA	1e0	-1.715	2.474	1	100.00%	18	18.00%
MA0890.1:::GBX2	ACCAATTAGC	1e0	-1.715	2.474	1	100.00%	18	18.00%
MA1519.1:::LHX5	GTAATTAA	1e0	-1.715	2.474	1	100.00%	18	18.00%
MA0766.2:::GATA5	CAGATAAGGA	1e0	-1.715	2.474	1	100.00%	18	18.00%
MA0836.2:::CEBPD	TATTGCACAATAT	1e0	-1.715	2.474	1	100.00%	18	18.00%
MA0505.2:::Nr5A2	CTGACCTTGAACT	1e0	-1.715	2.474	1	100.00%	18	18.00%
MA0642.2:::EN2	CCCAATTA	1e0	-1.715	2.474	1	100.00%	18	18.00%
MA0668.2:::Neurod2	GGGAACAGATGGTCA	1e0	-1.715	2.474	1	100.00%	18	18.00%
MA1547.2:::PITX2	TTAATCCC	1e0	-1.715	2.474	1	100.00%	18	18.00%
MA0504.1:::NR2C2	AGGGGTCAGAGGTCA	1e0	-1.661	2.396	1	100.00%	19	19.00%
MA0881.1:::Dlx4	CCAATTAC	1e0	-1.661	2.396	1	100.00%	19	19.00%
MA0894.1:::HESX1	GCTAATTGGC	1e0	-1.661	2.396	1	100.00%	19	19.00%
MA1504.1:::HOXC4	GTCATTAA	1e0	-1.661	2.396	1	100.00%	19	19.00%
MA1507.1:::HOXD4	ATCATTAG	1e0	-1.661	2.396	1	100.00%	19	19.00%
MA1646.1:::OSR2	AAACAGAAGCAG	1e0	-1.661	2.396	1	100.00%	19	19.00%
MA0782.2:::PKNOX1	TTTGAGTGACAGCTA	1e0	-1.661	2.396	1	100.00%	19	19.00%
MA0707.2:::MNX1	GTAATTAT	1e0	-1.661	2.396	1	100.00%	19	19.00%
MA0909.3:::Hoxd13	ACCAATAAAA	1e0	-1.661	2.396	1	100.00%	19	19.00%
MA1566.2:::TBX3	AAGGTGTGAAA	1e0	-1.661	2.396	1	100.00%	19	19.00%
MA0714.1:::PITX3	CTTAATCCC	1e0	-1.609	2.322	1	100.00%	20	20.00%
MA1109.1:::NEUROD1	GGACAGATGGCAG	1e0	-1.609	2.322	1	100.00%	20	20.00%
MA1114.1:::PBX3	GGGTGAGTGACAGGCGG	1e0	-1.609	2.322	1	100.00%	20	20.00%
MA0682.2:::PITX1	CTAATCCC	1e0	-1.609	2.322	1	100.00%	20	20.00%
MA1642.1:::NEUROG2	GGAACAGATGGCA	1e0	-1.609	2.322	1	100.00%	20	20.00%
MA0467.2:::Crx	GAGGATTAGA	1e0	-1.609	2.322	1	100.00%	20	20.00%
MA0708.2:::MSX2	CCAATTAA	1e0	-1.609	2.322	1	100.00%	20	20.00%
MA0654.1:::ISX	CTAATTAA	1e0	-1.561	2.252	1	100.00%	21	21.00%
MA0849.1:::FOXO6	GTAAACA	1e0	-1.561	2.252	1	100.00%	21	21.00%
MA1152.1:::SOX15	CTATTGTTTT	1e0	-1.561	2.252	1	100.00%	21	21.00%
MA0910.2:::HOXD8	GCAATTAC	1e0	-1.561	2.252	1	100.00%	21	21.00%
MA0666.2:::MSX1	CCAATTAA	1e0	-1.561	2.252	1	100.00%	21	21.00%
MA1540.2:::NR5A1	ATGAGTTCAAGGTCAGC	1e0	-1.561	2.252	1	100.00%	21	21.00%
MA0258.2:::ESR2	AGGTCACCCTGACCT	1e0	-1.514	2.184	1	100.00%	22	22.00%
MA0688.1:::TBX2	AAGGTGTGAAA	1e0	-1.514	2.184	1	100.00%	22	22.00%
MA0132.2:::PDX1	GTAATTAG	1e0	-1.514	2.184	1	100.00%	22	22.00%
MA0774.1:::MEIS2	TTGACAGC	1e0	-1.514	2.184	1	100.00%	22	22.00%
MA1499.1:::HOXB4	ATCATTAG	1e0	-1.514	2.184	1	100.00%	22	22.00%
MA1577.1:::TLX2	CTAATTAG	1e0	-1.514	2.184	1	100.00%	22	22.00%
MA1123.2:::TWIST1	ATTCCAGATGTTT	1e0	-1.514	2.184	1	100.00%	22	22.00%
MA0033.2:::FOXL1	GTAAACA	1e0	-1.470	2.120	1	100.00%	23	23.00%
MA0709.1:::Msx3	CCAATTAA	1e0	-1.470	2.120	1	100.00%	23	23.00%
MA0876.1:::BSX	CCAATTAA	1e0	-1.470	2.120	1	100.00%	23	23.00%
MA1502.1:::HOXB8	GCAATTAC	1e0	-1.470	2.120	1	100.00%	23	23.00%
MA0158.2:::HOXA5	GTAATTAC	1e0	-1.470	2.120	1	100.00%	23	23.00%
MA0902.2:::HOXB2	GTAATTAG	1e0	-1.470	2.120	1	100.00%	23	23.00%
MA1712.1:::ZNF454	AGGCTCCGGGCCCCGGGG	1e0	-1.470	2.120	1	100.00%	23	23.00%
MA1987.1:::ZNF701	GAGCACCAAAGGGGGGAAGGG	1e0	-1.470	2.120	1	100.00%	23	23.00%
MA0711.1:::OTX1	TTAATCCG	1e0	-1.427	2.059	1	100.00%	24	24.00%
MA0472.2:::EGR2	ACGCCCACGCA	1e0	-1.427	2.059	1	100.00%	24	24.00%
MA0893.2:::GSX2	GTAATTAG	1e0	-1.427	2.059	1	100.00%	24	24.00%
MA0697.2:::Zic3	CACAGCAGGAGGC	1e0	-1.427	2.059	1	100.00%	24	24.00%
MA1467.2:::Atoh1	GACAGATGGCA	1e0	-1.427	2.059	1	100.00%	24	24.00%
MA1567.2:::Tbx6	GAGGTGTGAAGT	1e0	-1.427	2.059	1	100.00%	24	24.00%
MA0092.1:::Hand1::Tcf3	GGTCTGGCAT	1e0	-1.386	2.000	1	100.00%	25	25.00%
MA0775.1:::MEIS3	TTGACAGG	1e0	-1.386	2.000	1	100.00%	25	25.00%
MA0875.1:::BARX1	GCAATTAG	1e0	-1.386	2.000	1	100.00%	25	25.00%
MA0882.1:::DLX6	CCAATTAC	1e0	-1.386	2.000	1	100.00%	25	25.00%
MA0867.2:::SOX4	GAACAAAGGG	1e0	-1.386	2.000	1	100.00%	25	25.00%
MA0506.2:::Nrf1	GCCTGCGCCTGCGCG	1e0	-1.386	2.000	1	100.00%	25	25.00%
MA0042.2:::FOXI1	GTAAACA	1e0	-1.347	1.943	1	100.00%	26	26.00%
MA0848.1:::FOXO4	GTAAACA	1e0	-1.347	1.943	1	100.00%	26	26.00%
MA1542.1:::OSR1	TGCTACTGTT	1e0	-1.347	1.943	1	100.00%	26	26.00%
MA1565.1:::TBX18	GGAGGTGTGAAA	1e0	-1.347	1.943	1	100.00%	26	26.00%
MA0805.1:::TBX1	AGGTGTGA	1e0	-1.309	1.889	1	100.00%	27	27.00%
MA1535.1:::NR2C1	CGAGGTCAC	1e0	-1.238	1.786	1	100.00%	29	29.00%
MA1628.1:::Zic1::Zic2	CACAGCAGGGG	1e0	-1.238	1.786	1	100.00%	29	29.00%
MA0596.1:::SREBF2	ATGGGGTGAT	1e0	-1.204	1.737	1	100.00%	30	30.00%
MA0065.2:::Pparg::Rxra	GTAGGGCAAAGGTCA	1e0	-1.171	1.690	1	100.00%	31	31.00%
MA0801.1:::MGA	AGGTGTGA	1e0	-1.171	1.690	1	100.00%	31	31.00%
MA0014.3:::PAX5	GAGCGTGACCCC	1e0	-1.171	1.690	1	100.00%	31	31.00%
MA1638.1:::HAND2	ACCAGATGGC	1e0	-1.171	1.690	1	100.00%	31	31.00%
MA1116.1:::RBPJ	CCTGGGAAAG	1e0	-1.139	1.644	1	100.00%	32	32.00%
MA1723.1:::PRDM9	GGTGGGCAGGGAGGAAGCAGAAGG	1e0	-1.139	1.644	1	100.00%	32	32.00%
MA0100.3:::MYB	ACCAACTGTC	1e0	-1.109	1.599	1	100.00%	33	33.00%
MA0814.2:::TFAP2C	GGGCCTGAGGCGGG	1e0	-1.109	1.599	1	100.00%	33	33.00%
MA0002.2:::Runx1	GTCTGTGGTTT	1e0	-1.079	1.556	1	100.00%	34	34.00%
MA0733.1:::EGR4	TTACGCCCACGCATTT	1e0	-1.079	1.556	1	100.00%	34	34.00%
MA1996.1:::Nr1H2	CAAAGGTCACA	1e0	-1.079	1.556	1	100.00%	34	34.00%
MA0738.1:::HIC2	ATGCCCACC	1e0	-1.050	1.515	1	100.00%	35	35.00%
MA1110.2:::Nr1H4	CGAGGTCAGT	1e0	-1.050	1.515	1	100.00%	35	35.00%
MA0753.2:::ZNF740	CCGCCCCCCCCAC	1e0	-1.022	1.474	1	100.00%	36	36.00%
MA1102.2:::CTCFL	AGCAGGGGGCGC	1e0	-0.994	1.434	1	100.00%	37	37.00%
MA0146.2:::Zfx	GGGGCCGAGGCCTG	1e0	-0.968	1.396	1	100.00%	38	38.00%
MA0739.1:::Hic1	ATGCCAACC	1e0	-0.968	1.396	1	100.00%	38	38.00%
MA0734.3:::Gli2	GAGACCACCCAGG	1e0	-0.968	1.396	1	100.00%	38	38.00%
MA1615.1:::Plagl1	CCCTGGGGCCAGG	1e0	-0.942	1.358	1	100.00%	39	39.00%
MA0597.2:::THAP1	GCGCAGGGCAGG	1e0	-0.916	1.322	1	100.00%	40	40.00%
MA1990.1:::Gli1	CGAGACCACCCAGG	1e0	-0.892	1.286	1	100.00%	41	41.00%
MA0810.1:::TFAP2A	TGCCCCCGGGCA	1e0	-0.844	1.218	1	100.00%	43	43.00%
MA1513.1:::KLF15	GCCCCGCCCCC	1e0	-0.844	1.218	1	100.00%	43	43.00%
MA1522.1:::MAZ	CGCCCCTCCCC	1e0	-0.844	1.218	1	100.00%	43	43.00%
MA1107.2:::KLF9	CAGCCACACCCACCCC	1e0	-0.844	1.218	1	100.00%	43	43.00%
MA1627.1:::Wt1	CCCCTCCCCCACAC	1e0	-0.821	1.184	1	100.00%	44	44.00%
MA1713.1:::ZNF610	CCCGCCGCTCCCCC	1e0	-0.821	1.184	1	100.00%	44	44.00%
MA0079.5:::SP1	GGGGCGGGG	1e0	-0.777	1.120	1	100.00%	46	46.00%
MA1986.1:::ZNF692	GGGGCCCACC	1e0	-0.734	1.059	1	100.00%	48	48.00%
MA1578.1:::VEZF1	CCCCCCACTT	1e0	-0.713	1.029	1	100.00%	49	49.00%
MA0471.2:::E2F6	GGGGGCGGGAAGG	1e0	-0.713	1.029	1	100.00%	49	49.00%
MA1961.1:::PATZ1	GGGGGGCGGGGG	1e0	-0.654	0.943	1	100.00%	52	52.00%
MA0163.1:::PLAG1	GGGGCCCAAGGGGG	1e0	-0.635	0.916	1	100.00%	53	53.00%
MA0162.4:::EGR1	CCACGCCCACGCCC	1e0	-0.580	0.837	1	100.00%	56	56.00%
MA1653.1:::ZNF148	CCCCCCTCCCCC	1e0	-0.545	0.786	1	100.00%	58	58.00%
MA1564.1:::SP9	GCCACGCCCCCC	1e0	-0.431	0.621	1	100.00%	65	65.00%
MA1959.1:::KLF7	GGGGCGGGG	1e0	-0.400	0.578	1	100.00%	67	67.00%
MA1965.1:::SP5	CCCCTCCCCC	1e0	-0.357	0.515	1	100.00%	70	70.00%
MA0073.1:::RREB1	CCCCAAACCACCCCCCCCCA	1e0	-0.301	0.434	1	100.00%	74	74.00%
MA0004.1:::Arnt	CACGTG	1e0	0.000	2.120	0	0.00%	23	23.00%
MA0006.1:::Ahr::Arnt	TGCGTG	1e0	0.000	6.644	0	0.00%	0	0.00%
MA0019.1:::Ddit3::Cebpa	AGATGCAATCCC	1e0	0.000	3.059	0	0.00%	12	12.00%
MA0051.1:::IRF2	GGAAAGCGAAACCAAAAC	1e0	0.000	4.322	0	0.00%	5	5.00%
MA0059.1:::MAX::MYC	GACCACGTGGT	1e0	0.000	1.943	0	0.00%	26	26.00%
MA0069.1:::PAX6	TTCACGCATGAGTT	1e0	0.000	3.184	0	0.00%	11	11.00%
MA0070.1:::PBX1	CCATCAATCAAA	1e0	0.000	2.837	0	0.00%	14	14.00%
MA0071.1:::RORA	ATCAAGGTCA	1e0	0.000	2.556	0	0.00%	17	17.00%
MA0072.1:::RORA	TATAAGTAGGTCAA	1e0	0.000	3.837	0	0.00%	7	7.00%
MA0074.1:::RXRA::VDR	GGGTCAACGAGTTCA	1e0	0.000	2.837	0	0.00%	14	14.00%
MA0077.1:::SOX9	CCATTGTTC	1e0	0.000	3.322	0	0.00%	10	10.00%
MA0084.1:::SRY	GTAAACAAT	1e0	0.000	3.644	0	0.00%	8	8.00%
MA0091.1:::TAL1::TCF3	CGACCATCTGTT	1e0	0.000	2.737	0	0.00%	15	15.00%
MA0101.1:::REL	GGGGATTTCC	1e0	0.000	2.556	0	0.00%	17	17.00%
MA0107.1:::RELA	GGGAATTTCC	1e0	0.000	2.184	0	0.00%	22	22.00%
MA0111.1:::Spz1	AGGGTAACAGC	1e0	0.000	3.184	0	0.00%	11	11.00%
MA0115.1:::NR1H2::RXRA	AAAGGTCAAAGGTCAAC	1e0	0.000	5.059	0	0.00%	3	3.00%
MA0116.1:::Znf423	GGCACCCAGGGGTGC	1e0	0.000	2.120	0	0.00%	23	23.00%
MA0119.1:::NFIC::TLX1	TGGCACCATGCCAA	1e0	0.000	2.474	0	0.00%	18	18.00%
MA0130.1:::ZNF354C	ATCCAC	1e0	0.000	6.644	0	0.00%	0	0.00%
MA0135.1:::Lhx3	AAATTAATTAATC	1e0	0.000	5.059	0	0.00%	3	3.00%
MA0139.1:::CTCF	TGGCCACCAGGGGGCGCTA	1e0	0.000	2.644	0	0.00%	16	16.00%
MA0142.1:::Pou5f1::Sox2	CTTTGTTATGCAAAT	1e0	0.000	3.474	0	0.00%	9	9.00%
MA0149.1:::EWSR1-FLI1	GGAAGGAAGGAAGGAAGG	1e0	0.000	6.644	0	0.00%	1	1.00%
MA0138.2:::REST	TTCAGCACCATGGACAGCGCC	1e0	0.000	4.644	0	0.00%	4	4.00%
MA0151.1:::Arid3a	ATTAAA	1e0	0.000	2.943	0	0.00%	13	13.00%
MA0155.1:::INSM1	TGTCAGGGGGCG	1e0	0.000	1.322	0	0.00%	40	40.00%
MA0159.1:::RARA::RXRA	AGGTCACGGAGAGGTCA	1e0	0.000	2.396	0	0.00%	19	19.00%
MA0164.1:::Nr2e3	CAAGCTT	1e0	0.000	2.737	0	0.00%	15	15.00%
MA0259.1:::ARNT::HIF1A	GGACGTGC	1e0	0.000	1.434	0	0.00%	37	37.00%
MA0145.2:::Tfcp2l1	CCAGTTCAAACCAG	1e0	0.000	1.599	0	0.00%	33	33.00%
MA0468.1:::DUX4	TAATTTAATCA	1e0	0.000	3.474	0	0.00%	9	9.00%
MA0476.1:::FOS	TGTGACTCATT	1e0	0.000	3.322	0	0.00%	10	10.00%
MA0478.1:::FOSL2	GGATGACTCAT	1e0	0.000	3.474	0	0.00%	9	9.00%
MA0483.1:::Gfi1B	AAATCACAGCA	1e0	0.000	2.556	0	0.00%	17	17.00%
MA0494.1:::Nr1h3::Rxra	TGACCTAAAGTAACCTCTG	1e0	0.000	2.396	0	0.00%	19	19.00%
MA0501.1:::MAF::NFE2	ATGACTCAGCAATTT	1e0	0.000	5.644	0	0.00%	2	2.00%
MA0515.1:::Sox6	CCATTGTTTT	1e0	0.000	2.556	0	0.00%	17	17.00%
MA0517.1:::STAT1::STAT2	TCAGTTTCATTTTCC	1e0	0.000	4.059	0	0.00%	6	6.00%
MA0518.1:::Stat4	TTTCCAGGAAATGG	1e0	0.000	3.644	0	0.00%	8	8.00%
MA0519.1:::Stat5a::Stat5b	ATTTCCAAGAA	1e0	0.000	3.474	0	0.00%	9	9.00%
MA0520.1:::Stat6	CATTTCCTGAGAAAT	1e0	0.000	5.644	0	0.00%	2	2.00%
MA0523.1:::TCF7L2	AAAGATCAAAGGAA	1e0	0.000	3.322	0	0.00%	10	10.00%
MA0527.1:::ZBTB33	CTCTCGCGAGATCTG	1e0	0.000	2.556	0	0.00%	17	17.00%
MA0076.2:::ELK4	CCACTTCCGGC	1e0	0.000	1.556	0	0.00%	34	34.00%
MA0150.2:::Nfe2l2	CAGCATGACTCAGCA	1e0	0.000	3.184	0	0.00%	11	11.00%
MA0137.3:::STAT1	TTTCCAGGAAA	1e0	0.000	3.644	0	0.00%	8	8.00%
MA0144.2:::STAT3	CTTCTGGGAAA	1e0	0.000	2.943	0	0.00%	13	13.00%
MA0140.2:::GATA1::TAL1	CTTATCTGTGAGGAGCAG	1e0	0.000	3.837	0	0.00%	7	7.00%
MA0591.1:::Bach1::Mafk	AGGATGACTCAGCAC	1e0	0.000	3.322	0	0.00%	10	10.00%
MA0595.1:::SREBF1	ATCACCCCAC	1e0	0.000	1.556	0	0.00%	34	34.00%
MA0599.1:::KLF5	GCCCCGCCCC	1e0	0.000	0.599	0	0.00%	66	66.00%
MA0602.1:::Arid5a	CTAATATTGCTAAA	1e0	0.000	4.059	0	0.00%	6	6.00%
MA0603.1:::Arntl	GGTCACGTGC	1e0	0.000	2.059	0	0.00%	24	24.00%
MA0604.1:::Atf1	ATGACGTA	1e0	0.000	1.396	0	0.00%	38	38.00%
MA0608.1:::Creb3l2	GCCACGTGT	1e0	0.000	1.786	0	0.00%	29	29.00%
MA0610.1:::DMRT3	AATGTATCAAT	1e0	0.000	2.396	0	0.00%	19	19.00%
MA0615.1:::Gmeb1	GAGTGTACGTAAGATGG	1e0	0.000	2.943	0	0.00%	13	13.00%
MA0619.1:::LIN54	ATTTGAATT	1e0	0.000	2.556	0	0.00%	17	17.00%
MA0621.1:::mix-a	AATTAATTAGT	1e0	0.000	4.059	0	0.00%	6	6.00%
MA0622.1:::Mlxip	GCACGTGT	1e0	0.000	2.120	0	0.00%	23	23.00%
MA0626.1:::Npas2	GGCACGTGTC	1e0	0.000	2.059	0	0.00%	24	24.00%
MA0628.1:::POU6F1	ATTAATTAAT	1e0	0.000	5.059	0	0.00%	3	3.00%
MA0629.1:::Rhox11	AAGACGCTGTAAAGCGA	1e0	0.000	3.184	0	0.00%	11	11.00%
MA0630.1:::SHOX	TTAATTGG	1e0	0.000	3.837	0	0.00%	7	7.00%
MA0631.1:::Six3	GATAGGGTATCACTAAT	1e0	0.000	4.059	0	0.00%	6	6.00%
MA0634.1:::ALX3	TCTAATTAAA	1e0	0.000	3.474	0	0.00%	9	9.00%
MA0007.3:::Ar	GGGAACACGGTGTACCC	1e0	0.000	5.644	0	0.00%	2	2.00%
MA0635.1:::BARHL2	GCTAAACGGT	1e0	0.000	2.644	0	0.00%	16	16.00%
MA0636.1:::BHLHE41	GTCACGTGAC	1e0	0.000	3.474	0	0.00%	9	9.00%
MA0638.1:::CREB3	GTGCCACGTCATCA	1e0	0.000	2.737	0	0.00%	15	15.00%
MA0639.1:::DBP	TATTACGTAACA	1e0	0.000	3.474	0	0.00%	9	9.00%
MA0641.1:::ELF4	AACCCGGAAGTG	1e0	0.000	3.837	0	0.00%	7	7.00%
MA0643.1:::Esrrg	TCAAGGTCAT	1e0	0.000	2.837	0	0.00%	14	14.00%
MA0645.1:::ETV6	AGCGGAAGTG	1e0	0.000	1.690	0	0.00%	31	31.00%
MA0475.2:::FLI1	ACCGGAAGTG	1e0	0.000	2.396	0	0.00%	19	19.00%
MA0646.1:::GCM1	CATGCGGGTAC	1e0	0.000	1.943	0	0.00%	26	26.00%
MA0647.1:::GRHL1	AAAACCGGTTTT	1e0	0.000	4.059	0	0.00%	6	6.00%
MA0648.1:::GSC	GCTAATCCCC	1e0	0.000	2.120	0	0.00%	23	23.00%
MA0649.1:::HEY2	GACACGTGCC	1e0	0.000	1.737	0	0.00%	30	30.00%
MA0131.2:::HINFP	CAACGTCCGCGG	1e0	0.000	1.474	0	0.00%	36	36.00%
MA0046.2:::HNF1A	AGTTAATGATTAACT	1e0	0.000	5.059	0	0.00%	3	3.00%
MA0153.2:::HNF1B	GTTAATGATTAAC	1e0	0.000	5.059	0	0.00%	3	3.00%
MA0486.2:::HSF1	TTCTAGAACGTTC	1e0	0.000	6.644	0	0.00%	1	1.00%
MA0652.1:::IRF8	TCGAAACCGAAACT	1e0	0.000	5.644	0	0.00%	2	2.00%
MA0653.1:::IRF9	AACGAAACCGAAACT	1e0	0.000	6.644	0	0.00%	1	1.00%
MA0655.1:::JDP2	ATGACTCAT	1e0	0.000	4.059	0	0.00%	6	6.00%
MA0656.1:::JDP2	GATGACGTCATC	1e0	0.000	6.644	0	0.00%	1	1.00%
MA0657.1:::KLF13	ATGCCACGCCCCTTTTTG	1e0	0.000	3.644	0	0.00%	8	8.00%
MA0658.1:::LHX6	ACTAATTAGC	1e0	0.000	3.837	0	0.00%	7	7.00%
MA0660.1:::MEF2B	GCTATAAATAGC	1e0	0.000	5.644	0	0.00%	2	2.00%
MA0661.1:::MEOX1	GCTAATTAAC	1e0	0.000	2.837	0	0.00%	14	14.00%
MA0662.1:::MIXL1	TCTAATTAAC	1e0	0.000	4.059	0	0.00%	6	6.00%
MA0663.1:::MLX	ATCACGTGAT	1e0	0.000	3.184	0	0.00%	11	11.00%
MA0664.1:::MLXIPL	ATCACGTGAT	1e0	0.000	2.556	0	0.00%	17	17.00%
MA0665.1:::MSC	AACAGCTGTT	1e0	0.000	3.322	0	0.00%	10	10.00%
MA0667.1:::MYF6	AACAGCTGTT	1e0	0.000	3.837	0	0.00%	7	7.00%
MA0669.1:::NEUROG2	AACATATGTC	1e0	0.000	4.644	0	0.00%	4	4.00%
MA0670.1:::NFIA	GGTGCCAAGT	1e0	0.000	1.515	0	0.00%	35	35.00%
MA0671.1:::NFIX	CGTGCCAAG	1e0	0.000	2.184	0	0.00%	22	22.00%
MA0048.2:::NHLH1	CGCAGCTGCG	1e0	0.000	2.737	0	0.00%	15	15.00%
MA0672.1:::NKX2-3	ACCACTTGAA	1e0	0.000	1.690	0	0.00%	31	31.00%
MA0673.1:::NKX2-8	CCACTTGAA	1e0	0.000	1.837	0	0.00%	28	28.00%
MA0677.1:::Nr2f6	GAGGTCAAAGGTCA	1e0	0.000	3.474	0	0.00%	9	9.00%
MA0678.1:::OLIG2	ACCATATGGT	1e0	0.000	3.184	0	0.00%	11	11.00%
MA0683.1:::POU4F2	ATGCATAATTAATGAG	1e0	0.000	6.644	0	0.00%	0	0.00%
MA0512.2:::Rxra	GGGGTCAAAGGTCA	1e0	0.000	6.644	0	0.00%	1	1.00%
MA0686.1:::SPDEF	ACCCGGATGTA	1e0	0.000	2.737	0	0.00%	15	15.00%
MA0687.1:::SPIC	AAAAAGAGGAAGTA	1e0	0.000	3.322	0	0.00%	10	10.00%
MA0083.3:::SRF	TGACCATATATGGTCA	1e0	0.000	6.644	0	0.00%	0	0.00%
MA0009.2:::TBXT	TCACACCTAGGTGTGA	1e0	0.000	6.644	0	0.00%	1	1.00%
MA0691.1:::TFAP4	AACAGCTGAT	1e0	0.000	4.059	0	0.00%	6	6.00%
MA0692.1:::TFEB	ATCACGTGAC	1e0	0.000	2.000	0	0.00%	25	25.00%
MA0694.1:::ZBTB7B	GCGACCACCGAA	1e0	0.000	1.889	0	0.00%	27	27.00%
MA0695.1:::ZBTB7C	GCGACCACCGAA	1e0	0.000	1.218	0	0.00%	43	43.00%
MA0696.1:::ZIC1	GACCCCCCGCTGTG	1e0	0.000	4.322	0	0.00%	5	5.00%
MA0698.1:::ZBTB18	CATCCAGATGTTC	1e0	0.000	5.059	0	0.00%	3	3.00%
MA0699.1:::LBX2	GCCAATTAGC	1e0	0.000	3.184	0	0.00%	11	11.00%
MA0704.1:::Lhx4	TTAATTAA	1e0	0.000	4.059	0	0.00%	6	6.00%
MA0705.1:::Lhx8	CTAATTAG	1e0	0.000	3.644	0	0.00%	8	8.00%
MA0706.1:::MEOX2	AGTAATTAAC	1e0	0.000	3.644	0	0.00%	8	8.00%
MA0124.2:::Nkx3-1	ACCACTTAA	1e0	0.000	2.474	0	0.00%	18	18.00%
MA0713.1:::PHOX2A	TAATTTAATTA	1e0	0.000	4.644	0	0.00%	4	4.00%
MA0715.1:::PROP1	TAATTTAATTA	1e0	0.000	5.644	0	0.00%	2	2.00%
MA0719.1:::RHOXF1	ATAATCCC	1e0	0.000	2.737	0	0.00%	15	15.00%
MA0721.1:::UNCX	CTAATTAA	1e0	0.000	3.474	0	0.00%	9	9.00%
MA0722.1:::VAX1	CTAATTAC	1e0	0.000	4.322	0	0.00%	5	5.00%
MA0724.1:::VENTX	ACCGATTAG	1e0	0.000	2.644	0	0.00%	16	16.00%
MA0725.1:::VSX1	CTAATTAT	1e0	0.000	4.322	0	0.00%	5	5.00%
MA0726.1:::VSX2	CTAATTAG	1e0	0.000	3.322	0	0.00%	10	10.00%
MA0112.3:::ESR1	AAGGTCACGGTGACCTG	1e0	0.000	5.644	0	0.00%	2	2.00%
MA0141.3:::ESRRB	TCAAGGTCATA	1e0	0.000	5.059	0	0.00%	3	3.00%
MA0113.3:::NR3C1	GGGTACATAATGTTCCC	1e0	0.000	6.644	0	0.00%	0	0.00%
MA0727.1:::NR3C2	GGGAACACAATGTTCCC	1e0	0.000	6.644	0	0.00%	0	0.00%
MA0728.1:::Nr2F6	GAGGTCAAAAGGTCA	1e0	0.000	6.644	0	0.00%	0	0.00%
MA0729.1:::RARA	GAGGTCAAAAGGTCAATG	1e0	0.000	6.644	0	0.00%	0	0.00%
MA0730.1:::RARA	AGGTCATGCAAAGGTCA	1e0	0.000	6.644	0	0.00%	0	0.00%
MA0731.1:::BCL6B	TGCTTTCTAGGAATTCA	1e0	0.000	6.644	0	0.00%	0	0.00%
MA0735.1:::GLIS1	AGACCCCCCACGAAGC	1e0	0.000	6.644	0	0.00%	0	0.00%
MA0736.1:::GLIS2	GACCCCCCGCGAAG	1e0	0.000	2.556	0	0.00%	17	17.00%
MA0737.1:::GLIS3	GACCCCCCACGAAG	1e0	0.000	3.322	0	0.00%	10	10.00%
MA0741.1:::KLF16	GCCACGCCCCC	1e0	0.000	0.889	0	0.00%	54	54.00%
MA0747.1:::SP8	GCCACGCCCACT	1e0	0.000	0.916	0	0.00%	53	53.00%
MA0749.1:::ZBED1	CTATCGCGACATA	1e0	0.000	5.059	0	0.00%	3	3.00%
MA0751.1:::ZIC4	GACCCCCCGCTGTGC	1e0	0.000	2.120	0	0.00%	23	23.00%
MA0088.2:::ZNF143	TACCCACAATGCATTG	1e0	0.000	5.059	0	0.00%	3	3.00%
MA0752.1:::ZNF410	TCCATCCCATAATACTC	1e0	0.000	6.644	0	0.00%	0	0.00%
MA0755.1:::CUX2	TAATCGATAA	1e0	0.000	3.322	0	0.00%	10	10.00%
MA0757.1:::ONECUT3	AAAAAATCAATAAT	1e0	0.000	5.644	0	0.00%	2	2.00%
MA0758.1:::E2F7	TTTTCCCGCCAAAA	1e0	0.000	6.644	0	0.00%	1	1.00%
MA0760.1:::ERF	ACCGGAAGTG	1e0	0.000	2.644	0	0.00%	16	16.00%
MA0098.3:::ETS1	ACCGGAAGTG	1e0	0.000	1.889	0	0.00%	27	27.00%
MA0762.1:::ETV2	AACCGGAAATA	1e0	0.000	2.837	0	0.00%	14	14.00%
MA0763.1:::ETV3	ACCGGAAGTG	1e0	0.000	2.396	0	0.00%	19	19.00%
MA0767.1:::GCM2	TATGCGGGTA	1e0	0.000	1.599	0	0.00%	33	33.00%
MA0770.1:::HSF2	TTCTAGAACGTTC	1e0	0.000	5.059	0	0.00%	3	3.00%
MA0771.1:::HSF4	TTCTAGAACGTTC	1e0	0.000	4.322	0	0.00%	5	5.00%
MA0772.1:::IRF7	ACGAAAGCGAAAGT	1e0	0.000	4.059	0	0.00%	6	6.00%
MA0773.1:::MEF2D	ACTATAAATAGA	1e0	0.000	5.644	0	0.00%	2	2.00%
MA0498.2:::MEIS1	TTGACAG	1e0	0.000	2.644	0	0.00%	16	16.00%
MA0776.1:::MYBL1	ACCGTTAACGGT	1e0	0.000	4.059	0	0.00%	6	6.00%
MA0105.4:::NFKB1	AGGGGAATCCCCT	1e0	0.000	6.644	0	0.00%	1	1.00%
MA0778.1:::NFKB2	AGGGGATTCCCCT	1e0	0.000	4.059	0	0.00%	6	6.00%
MA0779.1:::PAX1	CGTCACGCATGACTGCA	1e0	0.000	4.644	0	0.00%	4	4.00%
MA0780.1:::PAX3	TAATCGATTA	1e0	0.000	6.644	0	0.00%	1	1.00%
MA0781.1:::PAX9	CGTCACGCATGACTGCA	1e0	0.000	5.059	0	0.00%	3	3.00%
MA0783.1:::PKNOX2	TGACAGGTGTCA	1e0	0.000	6.644	0	0.00%	1	1.00%
MA0785.1:::POU2F1	AATATGCAAATT	1e0	0.000	3.322	0	0.00%	10	10.00%
MA0789.1:::POU3F4	TATGCAAAT	1e0	0.000	3.474	0	0.00%	9	9.00%
MA0790.1:::POU4F1	ATGAATAATTAATG	1e0	0.000	6.644	0	0.00%	1	1.00%
MA0791.1:::POU4F3	ATGCATAATTAATGAG	1e0	0.000	6.644	0	0.00%	1	1.00%
MA0792.1:::POU5F1B	TATGCAAAT	1e0	0.000	3.059	0	0.00%	12	12.00%
MA0794.1:::PROX1	CAAGACGCCTTA	1e0	0.000	4.644	0	0.00%	4	4.00%
MA0600.2:::RFX2	CGTTGCCATGGCAACG	1e0	0.000	6.644	0	0.00%	0	0.00%
MA0795.1:::SMAD3	CGTCTAGACA	1e0	0.000	3.474	0	0.00%	9	9.00%
MA0796.1:::TGIF1	TGACAGCTGTCA	1e0	0.000	6.644	0	0.00%	1	1.00%
MA0797.1:::TGIF2	TGACAGCTGTCA	1e0	0.000	6.644	0	0.00%	1	1.00%
MA0510.2:::RFX5	CGTTGCCATGGCAACG	1e0	0.000	5.644	0	0.00%	2	2.00%
MA0511.2:::RUNX2	AAACCGCAA	1e0	0.000	1.737	0	0.00%	30	30.00%
MA0803.1:::TBX15	AGGTGTGA	1e0	0.000	1.889	0	0.00%	27	27.00%
MA0804.1:::TBX19	TTTCACACCTAGGTGTGAAA	1e0	0.000	6.644	0	0.00%	0	0.00%
MA0806.1:::TBX4	AGGTGTGA	1e0	0.000	1.837	0	0.00%	28	28.00%
MA0807.1:::TBX5	AGGTGTGA	1e0	0.000	1.889	0	0.00%	27	27.00%
MA0808.1:::TEAD3	ACATTCCA	1e0	0.000	1.943	0	0.00%	26	26.00%
MA0811.1:::TFAP2B	TGCCCCAGGGCA	1e0	0.000	1.556	0	0.00%	34	34.00%
MA0812.1:::TFAP2B	AGCCTCAGGCA	1e0	0.000	2.556	0	0.00%	17	17.00%
MA0813.1:::TFAP2B	TGCCCTGAGGGCA	1e0	0.000	2.252	0	0.00%	21	21.00%
MA0524.2:::TFAP2C	TGCCCCAGGGCA	1e0	0.000	1.644	0	0.00%	32	32.00%
MA0815.1:::TFAP2C	TGCCCTGAGGGCA	1e0	0.000	2.396	0	0.00%	19	19.00%
MA0816.1:::Ascl2	AGCAGCTGCT	1e0	0.000	2.644	0	0.00%	16	16.00%
MA0461.2:::Atoh1	AACATATGTT	1e0	0.000	3.322	0	0.00%	10	10.00%
MA0464.2:::BHLHE40	ATCACGTGAC	1e0	0.000	2.737	0	0.00%	15	15.00%
MA0817.1:::BHLHE23	AAACATATGTTT	1e0	0.000	4.322	0	0.00%	5	5.00%
MA0820.1:::FIGLA	ACCACCTGTT	1e0	0.000	1.644	0	0.00%	32	32.00%
MA0822.1:::HES7	TGGCACGTGCCA	1e0	0.000	5.059	0	0.00%	3	3.00%
MA0823.1:::HEY1	GACACGTGCC	1e0	0.000	2.184	0	0.00%	22	22.00%
MA0058.3:::MAX	ACCACGTGCT	1e0	0.000	2.184	0	0.00%	22	22.00%
MA0825.1:::MNT	ACCACGTGCC	1e0	0.000	2.184	0	0.00%	22	22.00%
MA0826.1:::OLIG1	AACATATGTT	1e0	0.000	4.644	0	0.00%	4	4.00%
MA0827.1:::OLIG3	ACCATATGTT	1e0	0.000	3.184	0	0.00%	11	11.00%
MA0832.1:::Tcf21	GCAACAGCTGTTGT	1e0	0.000	5.644	0	0.00%	2	2.00%
MA0834.1:::ATF7	CGATGACGTCATCG	1e0	0.000	6.644	0	0.00%	1	1.00%
MA0838.1:::CEBPG	ATTGCGCAAT	1e0	0.000	2.837	0	0.00%	14	14.00%
MA0839.1:::CREB3L1	ATGCCACGTCATCA	1e0	0.000	3.644	0	0.00%	8	8.00%
MA0840.1:::Creb5	AATGACGTCACC	1e0	0.000	5.644	0	0.00%	2	2.00%
MA0117.2:::Mafb	AAAATGCTGACT	1e0	0.000	2.474	0	0.00%	18	18.00%
MA0841.1:::NFE2	CATGACTCATC	1e0	0.000	4.644	0	0.00%	4	4.00%
MA0843.1:::TEF	TATTACGTAACA	1e0	0.000	3.837	0	0.00%	7	7.00%
MA0844.1:::XBP1	AATGCCACGTCATC	1e0	0.000	2.644	0	0.00%	16	16.00%
MA0032.2:::FOXC1	TATGTAAATAT	1e0	0.000	4.059	0	0.00%	6	6.00%
MA0853.1:::Alx4	CGCATTAATTAATTACC	1e0	0.000	3.474	0	0.00%	9	9.00%
MA0854.1:::Alx1	CGAATTAATTAATCACC	1e0	0.000	3.474	0	0.00%	9	9.00%
MA0855.1:::RXRB	GGGGTCAAAGGTCA	1e0	0.000	6.644	0	0.00%	0	0.00%
MA0856.1:::RXRG	GGGGTCAAAGGTCA	1e0	0.000	6.644	0	0.00%	1	1.00%
MA0857.1:::Rarb	AAAGGTCAAAAGGTCA	1e0	0.000	6.644	0	0.00%	0	0.00%
MA0858.1:::Rarb	AGGTCAACTAAAGGTCA	1e0	0.000	6.644	0	0.00%	1	1.00%
MA0859.1:::Rarg	AAGGTCAAAAGGTCAA	1e0	0.000	6.644	0	0.00%	1	1.00%
MA0860.1:::Rarg	AAGGTCACGAAAGGTCA	1e0	0.000	6.644	0	0.00%	0	0.00%
MA0525.2:::TP63	AACATGTTGGGACATGTC	1e0	0.000	6.644	0	0.00%	1	1.00%
MA0106.3:::TP53	AACATGCCCGGGCATGTC	1e0	0.000	6.644	0	0.00%	0	0.00%
MA0861.1:::TP73	GACATGTCTGGACATGTC	1e0	0.000	4.644	0	0.00%	4	4.00%
MA0862.1:::GMEB2	TTACGTAA	1e0	0.000	3.059	0	0.00%	12	12.00%
MA0863.1:::MTF1	TTTGCACACGGCAC	1e0	0.000	3.059	0	0.00%	12	12.00%
MA0024.3:::E2F1	TTTGGCGCCAAA	1e0	0.000	3.184	0	0.00%	11	11.00%
MA0866.1:::SOX21	AACAATGGTAGTGTT	1e0	0.000	6.644	0	0.00%	0	0.00%
MA0870.1:::Sox1	AACAATAACATTGTT	1e0	0.000	6.644	0	0.00%	0	0.00%
MA0872.1:::TFAP2A	TGCCCTGAGGGCA	1e0	0.000	2.120	0	0.00%	23	23.00%
MA0028.2:::ELK1	ACCGGAAGTG	1e0	0.000	2.943	0	0.00%	13	13.00%
MA0874.1:::Arx	GTCCATTAATTAATGGA	1e0	0.000	3.837	0	0.00%	7	7.00%
MA0886.1:::EMX2	GCTAATTAGC	1e0	0.000	2.737	0	0.00%	15	15.00%
MA0887.1:::EVX1	GGTAATTAGC	1e0	0.000	2.837	0	0.00%	14	14.00%
MA0888.1:::EVX2	GGTAATTAGC	1e0	0.000	2.943	0	0.00%	13	13.00%
MA0891.1:::GSC2	CCTAATCCGC	1e0	0.000	2.556	0	0.00%	17	17.00%
MA0895.1:::HMBOX1	ACTAGTTAAC	1e0	0.000	3.184	0	0.00%	11	11.00%
MA0896.1:::Hmx1	ACAAGCAATTAATGAAT	1e0	0.000	3.644	0	0.00%	8	8.00%
MA0897.1:::Hmx2	ACAAGCAATTAAAGAAT	1e0	0.000	3.322	0	0.00%	10	10.00%
MA0898.1:::Hmx3	ACAAGCAATTAAAGAAT	1e0	0.000	3.322	0	0.00%	10	10.00%
MA0899.1:::HOXA10	GGTAATAAAAA	1e0	0.000	2.837	0	0.00%	14	14.00%
MA0903.1:::HOXB3	ACTAATTAGC	1e0	0.000	3.322	0	0.00%	10	10.00%
MA0906.1:::HOXC12	GGTCGTAAAAA	1e0	0.000	3.644	0	0.00%	8	8.00%
MA0907.1:::HOXC13	GCTCGTAAAAA	1e0	0.000	4.644	0	0.00%	4	4.00%
MA0908.1:::HOXD11	GTCGTAAAAA	1e0	0.000	3.184	0	0.00%	11	11.00%
MA0911.1:::Hoxa11	GGTCGTAAAATT	1e0	0.000	2.943	0	0.00%	13	13.00%
MA0914.1:::ISL2	GCACTTAA	1e0	0.000	2.644	0	0.00%	16	16.00%
MA0036.3:::GATA2	TTCTTATCTTT	1e0	0.000	2.737	0	0.00%	15	15.00%
MA1106.1:::HIF1A	GTACGTGCCC	1e0	0.000	1.556	0	0.00%	34	34.00%
MA0147.3:::MYC	GGCCACGTGCCC	1e0	0.000	1.556	0	0.00%	34	34.00%
MA0104.4:::MYCN	GGCCACGTGGCC	1e0	0.000	2.556	0	0.00%	17	17.00%
MA0161.2:::NFIC	TACTTGGCAGA	1e0	0.000	3.837	0	0.00%	7	7.00%
MA0060.3:::NFYA	AACCAATCAGA	1e0	0.000	1.786	0	0.00%	29	29.00%
MA1115.1:::POU5F1	ATATGCAAATT	1e0	0.000	3.059	0	0.00%	12	12.00%
MA1117.1:::RELB	GAATTCCCCGG	1e0	0.000	1.943	0	0.00%	26	26.00%
MA1118.1:::SIX1	GTAACCTGATA	1e0	0.000	3.644	0	0.00%	8	8.00%
MA1119.1:::SIX2	AACTGAAACCTGATAC	1e0	0.000	4.644	0	0.00%	4	4.00%
MA0442.2:::SOX10	AAAACAAAGAA	1e0	0.000	1.943	0	0.00%	26	26.00%
MA1120.1:::SOX13	AAACAATGGCA	1e0	0.000	2.252	0	0.00%	21	21.00%
MA1121.1:::TEAD2	TCACATTCCAGCC	1e0	0.000	2.556	0	0.00%	17	17.00%
MA1122.1:::TFDP1	GGGCGGGAAGG	1e0	0.000	1.396	0	0.00%	38	38.00%
MA0750.2:::ZBTB7A	GCCCGGAAGTGGC	1e0	0.000	1.786	0	0.00%	29	29.00%
MA0103.3:::ZEB1	CCCACCTGCGC	1e0	0.000	1.218	0	0.00%	43	43.00%
MA1124.1:::ZNF24	CATTCATTCATTC	1e0	0.000	4.322	0	0.00%	5	5.00%
MA1154.1:::ZNF282	CTTTCCCACAACACGAC	1e0	0.000	4.644	0	0.00%	4	4.00%
MA1155.1:::ZSCAN4	TGCACACACTGAAAA	1e0	0.000	4.322	0	0.00%	5	5.00%
MA0099.3:::FOS::JUN	ATGAGTCATC	1e0	0.000	2.556	0	0.00%	17	17.00%
MA1127.1:::FOSB::JUN	GATGACGTCAT	1e0	0.000	5.059	0	0.00%	3	3.00%
MA1128.1:::FOSL1::JUN	TGATGACTCATCC	1e0	0.000	2.396	0	0.00%	19	19.00%
MA1129.1:::FOSL1::JUN	ATGACGTCAT	1e0	0.000	3.184	0	0.00%	11	11.00%
MA1130.1:::FOSL2::JUN	GGATGAGTCATC	1e0	0.000	2.474	0	0.00%	18	18.00%
MA1131.1:::FOSL2::JUN	GATGACGTCAT	1e0	0.000	3.474	0	0.00%	9	9.00%
MA1133.1:::JUN::JUNB	TGTGACGTCATT	1e0	0.000	2.396	0	0.00%	19	19.00%
MA1134.1:::FOS::JUNB	GATGAGTCATCC	1e0	0.000	3.059	0	0.00%	12	12.00%
MA1135.1:::FOSB::JUNB	GATGACTCAT	1e0	0.000	3.059	0	0.00%	12	12.00%
MA1136.1:::FOSB::JUNB	ATGACGTCAT	1e0	0.000	2.943	0	0.00%	13	13.00%
MA1138.1:::FOSL2::JUNB	GATGACTCAT	1e0	0.000	3.059	0	0.00%	12	12.00%
MA1139.1:::FOSL2::JUNB	GATGACGTCATC	1e0	0.000	4.644	0	0.00%	4	4.00%
MA1141.1:::FOS::JUND	GGATGAGTCATCG	1e0	0.000	2.556	0	0.00%	17	17.00%
MA1143.1:::FOSL1::JUND	ATGACGTAAC	1e0	0.000	2.644	0	0.00%	16	16.00%
MA1144.1:::FOSL2::JUND	GATGACTCAT	1e0	0.000	2.837	0	0.00%	14	14.00%
MA1145.1:::FOSL2::JUND	TGATGACGTCATCGC	1e0	0.000	3.837	0	0.00%	7	7.00%
MA1146.1:::NR1H4::RXRA	GAGGTCATTGACCTT	1e0	0.000	2.644	0	0.00%	16	16.00%
MA1147.1:::NR4A2::RXRA	GAGGTCATTGACCCC	1e0	0.000	3.059	0	0.00%	12	12.00%
MA1149.1:::RARA::RXRG	GAGGTCATGTAGAGGTCA	1e0	0.000	2.000	0	0.00%	25	25.00%
MA1151.1:::RORC	ATAAGTAGGTCA	1e0	0.000	2.737	0	0.00%	15	15.00%
MA1153.1:::Smad4	TGTCTAGA	1e0	0.000	1.286	0	0.00%	41	41.00%
MA1418.1:::IRF3	GGGAAACGGAAACCGAAACTG	1e0	0.000	6.644	0	0.00%	1	1.00%
MA1419.1:::IRF4	CCGAAACCGAAACTA	1e0	0.000	6.644	0	0.00%	1	1.00%
MA1420.1:::IRF5	CCGAAACCGAAACT	1e0	0.000	2.322	0	0.00%	20	20.00%
MA1421.1:::TCF7L1	AAAGATCAAAGG	1e0	0.000	4.644	0	0.00%	4	4.00%
MA1464.1:::ARNT2	GTCACGTGCC	1e0	0.000	2.396	0	0.00%	19	19.00%
MA1466.1:::ATF6	TGATGACGTGGCAG	1e0	0.000	3.322	0	0.00%	10	10.00%
MA1468.1:::ATOH7	AACATATGTC	1e0	0.000	2.396	0	0.00%	19	19.00%
MA1101.2:::BACH2	AAACCATGACTCATCATTT	1e0	0.000	4.644	0	0.00%	4	4.00%
MA1470.1:::BACH2	AAAGCATGACGTCATGATTT	1e0	0.000	6.644	0	0.00%	0	0.00%
MA1471.1:::BARX2	AAAAACCATTAC	1e0	0.000	4.322	0	0.00%	5	5.00%
MA1473.1:::CDX4	GGCAATAAAAC	1e0	0.000	3.644	0	0.00%	8	8.00%
MA1474.1:::CREB3L4	TGCCACGTCACC	1e0	0.000	1.396	0	0.00%	38	38.00%
MA1475.1:::CREB3L4	GGTGACGTCACC	1e0	0.000	2.737	0	0.00%	15	15.00%
MA1478.1:::DMRTA2	AATTGTTACATT	1e0	0.000	2.396	0	0.00%	19	19.00%
MA1479.1:::DMRTC2	AATTGATACATT	1e0	0.000	2.737	0	0.00%	15	15.00%
MA1480.1:::DPRX	AGATAATCCC	1e0	0.000	2.837	0	0.00%	14	14.00%
MA1484.1:::ETS2	GACCGGAAGT	1e0	0.000	2.184	0	0.00%	22	22.00%
MA1489.1:::FOXN3	GTAAACAA	1e0	0.000	6.644	0	0.00%	0	0.00%
MA1493.1:::HES6	GGCACGTGTT	1e0	0.000	2.396	0	0.00%	19	19.00%
MA1494.1:::HNF4A	GGGTCCAAAGGTCAC	1e0	0.000	6.644	0	0.00%	1	1.00%
MA1495.1:::HOXA1	GTAATTAC	1e0	0.000	5.059	0	0.00%	3	3.00%
MA1496.1:::HOXA4	GTCATTAG	1e0	0.000	2.837	0	0.00%	14	14.00%
MA1497.1:::HOXA6	GGTAATTAAC	1e0	0.000	3.184	0	0.00%	11	11.00%
MA1501.1:::HOXB7	GGTAATTAAC	1e0	0.000	2.322	0	0.00%	20	20.00%
MA1503.1:::HOXB9	GTCGTAAAAT	1e0	0.000	3.184	0	0.00%	11	11.00%
MA1505.1:::HOXC8	GTAATTAC	1e0	0.000	4.644	0	0.00%	4	4.00%
MA1506.1:::HOXD10	GGTCGTAAAAC	1e0	0.000	3.184	0	0.00%	11	11.00%
MA1508.1:::IKZF1	GAAACAGGAAGT	1e0	0.000	2.059	0	0.00%	24	24.00%
MA1509.1:::IRF6	ACCGAAACT	1e0	0.000	3.059	0	0.00%	12	12.00%
MA1512.1:::KLF11	GCCACGCCCAC	1e0	0.000	0.943	0	0.00%	52	52.00%
MA1514.1:::KLF17	CACCACGCACCCCTT	1e0	0.000	1.786	0	0.00%	29	29.00%
MA1515.1:::KLF2	CACCACGCCCA	1e0	0.000	0.761	0	0.00%	59	59.00%
MA1516.1:::KLF3	GACCACGCCCA	1e0	0.000	1.737	0	0.00%	30	30.00%
MA1517.1:::KLF6	GGCCACGCCCA	1e0	0.000	0.786	0	0.00%	58	58.00%
MA1520.1:::MAF	ATGCTGAGTCAGCAA	1e0	0.000	4.059	0	0.00%	6	6.00%
MA1521.1:::MAFA	TTGCTGAGTCAGCAA	1e0	0.000	3.644	0	0.00%	8	8.00%
MA1523.1:::MSANTD3	GTACACTCAC	1e0	0.000	1.644	0	0.00%	32	32.00%
MA1527.1:::NFIC	GTTGGCACGGTGCCAAC	1e0	0.000	6.644	0	0.00%	1	1.00%
MA1528.1:::NFIX	GTTGGCACGGTGCCAGG	1e0	0.000	4.644	0	0.00%	4	4.00%
MA1529.1:::NHLH2	GGGCCGCAGCTGCGTCCC	1e0	0.000	3.322	0	0.00%	10	10.00%
MA1531.1:::NR1D1	GGGTCAGTAGGTCAG	1e0	0.000	3.837	0	0.00%	7	7.00%
MA1533.1:::NR1I2	ATGAACTCGATGAACTC	1e0	0.000	2.396	0	0.00%	19	19.00%
MA1534.1:::NR1I3	ATGAACTTT	1e0	0.000	2.837	0	0.00%	14	14.00%
MA1537.1:::NR2F1	GAGGTCAAAGGTCAC	1e0	0.000	6.644	0	0.00%	1	1.00%
MA1538.1:::NR2F1	AAGGTCATTGACCTT	1e0	0.000	4.644	0	0.00%	4	4.00%
MA1539.1:::NR2F6	AAGGTCACTGACCTT	1e0	0.000	5.644	0	0.00%	2	2.00%
MA1541.1:::NR6A1	GTCAAGTTCAAGGTCAA	1e0	0.000	3.474	0	0.00%	9	9.00%
MA1544.1:::OVOL1	AAAACCGTTATTTG	1e0	0.000	4.059	0	0.00%	6	6.00%
MA1545.1:::OVOL2	GTACCGTTATGTG	1e0	0.000	2.396	0	0.00%	19	19.00%
MA1546.1:::PAX3	CCGTCACGCTAATTAA	1e0	0.000	2.943	0	0.00%	13	13.00%
MA1548.1:::PLAGL2	TGGGCCCCCT	1e0	0.000	1.515	0	0.00%	35	35.00%
MA1550.1:::PPARD	AGGGGTCAAAGGTCAA	1e0	0.000	5.644	0	0.00%	2	2.00%
MA1552.1:::RARB	AAGGTCATGACCTT	1e0	0.000	4.059	0	0.00%	6	6.00%
MA1554.1:::RFX7	CGTTGCTAT	1e0	0.000	1.837	0	0.00%	28	28.00%
MA1555.1:::RXRB	GAGGTCATGACCTC	1e0	0.000	4.322	0	0.00%	5	5.00%
MA1556.1:::RXRG	GAGGTCATGACCTC	1e0	0.000	4.322	0	0.00%	5	5.00%
MA1557.1:::SMAD5	TGTCTAGACA	1e0	0.000	2.737	0	0.00%	15	15.00%
MA1558.1:::SNAI1	GGCAGGTGCA	1e0	0.000	1.434	0	0.00%	37	37.00%
MA1559.1:::SNAI3	AACAGGTGCA	1e0	0.000	2.120	0	0.00%	23	23.00%
MA1560.1:::SOHLH2	CGCACGTGCA	1e0	0.000	2.474	0	0.00%	18	18.00%
MA1561.1:::SOX12	ACCGAACAATG	1e0	0.000	2.322	0	0.00%	20	20.00%
MA1562.1:::SOX14	CCGAACAATG	1e0	0.000	3.474	0	0.00%	9	9.00%
MA1568.1:::TCF21	CACCATATGGCG	1e0	0.000	2.644	0	0.00%	16	16.00%
MA1569.1:::TFAP2E	CGCCTCAGGCG	1e0	0.000	1.152	0	0.00%	45	45.00%
MA1570.1:::TFAP4	AACATATGTT	1e0	0.000	2.644	0	0.00%	16	16.00%
MA1571.1:::TGIF2LX	TGACAGCTGTCA	1e0	0.000	4.644	0	0.00%	4	4.00%
MA1572.1:::TGIF2LY	TGACAGCTGTCA	1e0	0.000	3.644	0	0.00%	8	8.00%
MA1574.1:::THRB	GGGGTCAAAGGTCAT	1e0	0.000	2.943	0	0.00%	13	13.00%
MA1575.1:::THRB	GTGACCTCATTGAGGTCAC	1e0	0.000	4.059	0	0.00%	6	6.00%
MA1576.1:::THRB	GTGACCTTACGTGACCTTA	1e0	0.000	6.644	0	0.00%	1	1.00%
MA1579.1:::ZBTB26	TACTCCAGAAAAGAT	1e0	0.000	2.737	0	0.00%	15	15.00%
MA1580.1:::ZBTB32	TGTACAGTAT	1e0	0.000	3.474	0	0.00%	9	9.00%
MA1581.1:::ZBTB6	GTCCTTGAGCCCG	1e0	0.000	1.889	0	0.00%	27	27.00%
MA1583.1:::ZFP57	GCATTGCCGCAGT	1e0	0.000	1.786	0	0.00%	29	29.00%
MA1584.1:::ZIC5	CGACCCCCCGCTGTGC	1e0	0.000	3.644	0	0.00%	8	8.00%
MA1585.1:::ZKSCAN1	ATAGTAGGTG	1e0	0.000	2.184	0	0.00%	22	22.00%
MA1588.1:::ZNF136	GAATTCTTGGTTGAC	1e0	0.000	4.322	0	0.00%	5	5.00%
MA1589.1:::ZNF140	TAGGAGTGGAATTGCTGGGTC	1e0	0.000	5.059	0	0.00%	3	3.00%
MA1592.1:::ZNF274	GGTATGAGTTCTCGCT	1e0	0.000	4.322	0	0.00%	5	5.00%
MA1596.1:::ZNF460	GCCTCAGCCTCCCGAG	1e0	0.000	3.059	0	0.00%	12	12.00%
MA1597.1:::ZNF528	CCCAGGGAAGCCATTTC	1e0	0.000	4.644	0	0.00%	4	4.00%
MA1599.1:::ZNF682	CGGGCCAAGCCCCTAT	1e0	0.000	2.184	0	0.00%	22	22.00%
MA1600.1:::ZNF684	ATACAGTCCACCCCTTTA	1e0	0.000	5.059	0	0.00%	3	3.00%
MA1602.1:::ZSCAN29	CGTCTACACGGG	1e0	0.000	3.322	0	0.00%	10	10.00%
MA1603.1:::Dmrt1	GATACAAAGTATC	1e0	0.000	3.837	0	0.00%	7	7.00%
MA1604.1:::Ebf2	TTCCCAAGGGACT	1e0	0.000	2.120	0	0.00%	23	23.00%
MA1607.1:::Foxl2	AATATGTAAACAAA	1e0	0.000	3.837	0	0.00%	7	7.00%
MA1608.1:::Isl1	ATCCATTAGCA	1e0	0.000	2.737	0	0.00%	15	15.00%
MA1618.1:::Ptf1a	AAACAGATGTTTA	1e0	0.000	2.556	0	0.00%	17	17.00%
MA1619.1:::Ptf1A	GCACAGCTGTGC	1e0	0.000	2.737	0	0.00%	15	15.00%
MA1620.1:::Ptf1A	ACACACCTGTGC	1e0	0.000	1.837	0	0.00%	28	28.00%
MA1621.1:::Rbpjl	CGAACACCTGTCCC	1e0	0.000	1.599	0	0.00%	33	33.00%
MA1624.1:::Stat5a	TTTCCAAGAAAT	1e0	0.000	2.943	0	0.00%	13	13.00%
MA1625.1:::Stat5b	CATTTCCCAGAAATC	1e0	0.000	3.644	0	0.00%	8	8.00%
MA1629.1:::Zic2	CTCACAGCAGGGGG	1e0	0.000	2.252	0	0.00%	21	21.00%
MA1100.2:::ASCL1	GGCAGCTGCC	1e0	0.000	2.184	0	0.00%	22	22.00%
MA0605.2:::ATF3	GATGACGTCATC	1e0	0.000	6.644	0	0.00%	1	1.00%
MA0463.2:::BCL6	ATGCTTTCGAGGAATT	1e0	0.000	4.644	0	0.00%	4	4.00%
MA0864.2:::E2F2	GTTTTGGCGCCATTTC	1e0	0.000	2.737	0	0.00%	15	15.00%
MA0469.3:::E2F3	ATTTTGGCGCCAAAAT	1e0	0.000	5.644	0	0.00%	2	2.00%
MA0470.2:::E2F4	TTTTGGCGCCATTT	1e0	0.000	2.837	0	0.00%	14	14.00%
MA1099.2:::HES1	GGCACGTGGC	1e0	0.000	1.322	0	0.00%	40	40.00%
MA0616.2:::HES2	GGCACGTGCC	1e0	0.000	1.943	0	0.00%	26	26.00%
MA0904.2:::HOXB5	GTAATTAC	1e0	0.000	3.644	0	0.00%	8	8.00%
MA0485.2:::HOXC9	GTCGTAAAAT	1e0	0.000	3.644	0	0.00%	8	8.00%
MA0912.2:::HOXD3	CTAATTAC	1e0	0.000	3.322	0	0.00%	10	10.00%
MA0913.2:::HOXD9	GCAATAAAAC	1e0	0.000	2.837	0	0.00%	14	14.00%
MA1140.2:::JUNB	GATGACGTCATC	1e0	0.000	5.644	0	0.00%	2	2.00%
MA0702.2:::LMX1A	TTAATTAA	1e0	0.000	4.059	0	0.00%	6	6.00%
MA0703.2:::LMX1B	ATTTTAATTAA	1e0	0.000	5.059	0	0.00%	3	3.00%
MA0623.2:::NEUROG1	GACATATGTC	1e0	0.000	3.644	0	0.00%	8	8.00%
MA0842.2:::NRL	AAAAGTGCTGACG	1e0	0.000	5.059	0	0.00%	3	3.00%
MA0746.2:::SP3	GGCCACGCCCACC	1e0	0.000	1.252	0	0.00%	42	42.00%
MA0632.2:::TCFL5	TCACGCGCAC	1e0	0.000	1.396	0	0.00%	38	38.00%
MA0871.2:::TFEC	CCCACGTGACC	1e0	0.000	2.556	0	0.00%	17	17.00%
MA0122.3:::Nkx3-2	ATAACCACTTAAA	1e0	0.000	3.059	0	0.00%	12	12.00%
MA1707.1:::DMRTA1	AATTGTTACATT	1e0	0.000	2.322	0	0.00%	20	20.00%
MA1708.1:::ETV7	AGGCGGAAGTG	1e0	0.000	1.358	0	0.00%	39	39.00%
MA1709.1:::ZIM3	AGCAACAGAAACCTA	1e0	0.000	3.474	0	0.00%	9	9.00%
MA1710.1:::ZNF257	GAGAGGCAAGGG	1e0	0.000	1.889	0	0.00%	27	27.00%
MA1711.1:::ZNF343	CCGCTTCACCACGGCAC	1e0	0.000	3.184	0	0.00%	11	11.00%
MA1714.1:::ZNF675	AGGACTAGGAGGACAAAATGT	1e0	0.000	4.059	0	0.00%	6	6.00%
MA1715.1:::ZNF707	CCCCACTCCTGGTAC	1e0	0.000	4.644	0	0.00%	4	4.00%
MA1716.1:::ZNF76	CCTACCCACAATGCACCGCGC	1e0	0.000	2.837	0	0.00%	14	14.00%
MA1717.1:::ZNF784	GTACCTACCGC	1e0	0.000	2.184	0	0.00%	22	22.00%
MA1718.1:::ZNF8	GTATGGATATACCACATTTT	1e0	0.000	6.644	0	0.00%	0	0.00%
MA1719.1:::ZNF816	AAATGGGGACATGCAGGG	1e0	0.000	1.943	0	0.00%	26	26.00%
MA1720.1:::ZNF85	AAAGAGATTACAGCAG	1e0	0.000	3.184	0	0.00%	11	11.00%
MA1721.1:::ZNF93	GGCAGCGGCAGCGGCG	1e0	0.000	2.184	0	0.00%	22	22.00%
MA1722.1:::ZSCAN31	GCATAACTGCCCTGCGTCC	1e0	0.000	5.059	0	0.00%	3	3.00%
MA1724.1:::Rfx6	TTCCTAGCAACCG	1e0	0.000	2.120	0	0.00%	23	23.00%
MA1631.1:::ASCL1	CAGCACCTGCCCC	1e0	0.000	1.599	0	0.00%	33	33.00%
MA1632.1:::ATF2	AAATGAGGTCATT	1e0	0.000	2.837	0	0.00%	14	14.00%
MA1635.1:::BHLHE22	CGCAGCTGCG	1e0	0.000	2.252	0	0.00%	21	21.00%
MA1636.1:::CEBPG	AAATGATGCAATCAT	1e0	0.000	3.184	0	0.00%	11	11.00%
MA1637.1:::EBF3	TTCCCAAGGGAAT	1e0	0.000	2.000	0	0.00%	25	25.00%
MA1639.1:::MEIS1	GTCATCAATCATT	1e0	0.000	3.644	0	0.00%	8	8.00%
MA1640.1:::MEIS2	AAATGATTTATGGCT	1e0	0.000	3.837	0	0.00%	7	7.00%
MA1641.1:::MYF5	GAACAGCTGTTC	1e0	0.000	3.184	0	0.00%	11	11.00%
MA1643.1:::NFIB	TGCCTGGCATTGTGCCAAGCA	1e0	0.000	4.644	0	0.00%	4	4.00%
MA1644.1:::NFYC	AGCCAATCAGA	1e0	0.000	2.000	0	0.00%	25	25.00%
MA1645.1:::NKX2-2	TAACCACTCAAGAA	1e0	0.000	1.786	0	0.00%	29	29.00%
MA1648.1:::TCF12	CGCACCTGCCG	1e0	0.000	2.184	0	0.00%	22	22.00%
MA1649.1:::ZBTB12	ATCTGGAACCC	1e0	0.000	2.556	0	0.00%	17	17.00%
MA1650.1:::ZBTB14	CCCCGCGCACCC	1e0	0.000	1.152	0	0.00%	45	45.00%
MA1651.1:::ZFP42	GTTCCAAAATGGCTGCCTCCG	1e0	0.000	2.943	0	0.00%	13	13.00%
MA1652.1:::ZKSCAN5	GGAGGAGGTGAGAA	1e0	0.000	2.396	0	0.00%	19	19.00%
MA1654.1:::ZNF16	AATAGGGAGCCATGGAAGGTTTT	1e0	0.000	5.059	0	0.00%	3	3.00%
MA1655.1:::ZNF341	GGGAACAGCCAC	1e0	0.000	1.837	0	0.00%	28	28.00%
MA1656.1:::ZNF449	CCAAGCCCAACCAG	1e0	0.000	1.690	0	0.00%	31	31.00%
MA1657.1:::ZNF652	GAAAGAGTTAAA	1e0	0.000	3.059	0	0.00%	12	12.00%
MA1726.1:::ZNF331	CCCTGCAGAGCCCT	1e0	0.000	1.943	0	0.00%	26	26.00%
MA1727.1:::ZNF417	CACATTGGGCGCCAA	1e0	0.000	2.474	0	0.00%	18	18.00%
MA1728.1:::ZNF549	GCTGCTGCCCAG	1e0	0.000	1.837	0	0.00%	28	28.00%
MA1729.1:::ZNF680	GTCCAAGAAGAATGA	1e0	0.000	5.059	0	0.00%	3	3.00%
MA1730.1:::ZNF708	CCGGCTGTGCCTCCT	1e0	0.000	2.556	0	0.00%	17	17.00%
MA1731.1:::ZNF768	TCGCTTACCCTCTCTGGG	1e0	0.000	2.737	0	0.00%	15	15.00%
MA0833.2:::ATF4	AAATGATGCAATAA	1e0	0.000	3.644	0	0.00%	8	8.00%
MA0465.2:::CDX2	AAGCAATAAAAA	1e0	0.000	3.184	0	0.00%	11	11.00%
MA0018.4:::CREB1	TTATGATGTCATA	1e0	0.000	3.474	0	0.00%	9	9.00%
MA0154.4:::EBF1	AGTCCCCAGGGGACT	1e0	0.000	2.059	0	0.00%	24	24.00%
MA0598.3:::EHF	CTCACTTCCTGTTTC	1e0	0.000	2.396	0	0.00%	19	19.00%
MA0473.3:::ELF1	AAACAGGAAGTGGG	1e0	0.000	2.184	0	0.00%	22	22.00%
MA0640.2:::ELF3	TTCCACTTCCTGGT	1e0	0.000	2.252	0	0.00%	21	21.00%
MA0592.3:::ESRRA	GCTCAAGGTCACA	1e0	0.000	2.556	0	0.00%	17	17.00%
MA0761.2:::ETV1	AAACAGGAAGTGAA	1e0	0.000	2.184	0	0.00%	22	22.00%
MA0477.2:::FOSL1	TGATGACTCATCC	1e0	0.000	3.184	0	0.00%	11	11.00%
MA0062.3:::GABPA	CCCACTTCCTGTTT	1e0	0.000	2.184	0	0.00%	22	22.00%
MA0482.2:::GATA4	TTCCTTATCTTT	1e0	0.000	3.184	0	0.00%	11	11.00%
MA1104.2:::GATA6	TTATCTTATCTTT	1e0	0.000	4.059	0	0.00%	6	6.00%
MA1105.2:::GRHL2	AAAACAGGTTTT	1e0	0.000	2.644	0	0.00%	16	16.00%
MA0043.3:::HLF	TTGTTATGCAACAA	1e0	0.000	2.943	0	0.00%	13	13.00%
MA0114.4:::HNF4A	TCCAAAGTCCAAA	1e0	0.000	2.737	0	0.00%	15	15.00%
MA0484.2:::HNF4G	TCCAAAGTCCAGA	1e0	0.000	2.737	0	0.00%	15	15.00%
MA0039.4:::KLF4	CGCCCCACCCCC	1e0	0.000	0.556	0	0.00%	68	68.00%
MA0495.3:::MAFF	AAGTCAGCATTTTTTT	1e0	0.000	4.322	0	0.00%	5	5.00%
MA0496.3:::MAFK	TGCTGACTCAGCAAT	1e0	0.000	2.943	0	0.00%	13	13.00%
MA0052.4:::MEF2A	TTCTAAAAATAGAAA	1e0	0.000	3.644	0	0.00%	8	8.00%
MA0620.3:::MITF	TAAAGTCACGTGACTTTA	1e0	0.000	3.474	0	0.00%	9	9.00%
MA1108.2:::MXI1	GACACATGGC	1e0	0.000	1.286	0	0.00%	41	41.00%
MA0499.2:::MYOD1	CAGCACCTGTCCC	1e0	0.000	1.943	0	0.00%	26	26.00%
MA0500.2:::MYOG	CAGCAGCTGCTG	1e0	0.000	2.644	0	0.00%	16	16.00%
MA0056.2:::MZF1	CAAATCCCCACTT	1e0	0.000	1.690	0	0.00%	31	31.00%
MA0089.2:::MAFG::NFE2L1	AGAATGACTCAGCAAT	1e0	0.000	4.322	0	0.00%	5	5.00%
MA0502.2:::NFYB	CTCATTGGCCAG	1e0	0.000	2.644	0	0.00%	16	16.00%
MA0063.2:::NKX2-5	ACCACTCAAAA	1e0	0.000	2.474	0	0.00%	18	18.00%
MA1112.2:::NR4A1	TTAAAGGTCAAA	1e0	0.000	3.474	0	0.00%	9	9.00%
MA0679.2:::ONECUT1	AAAAAATCAATAAATA	1e0	0.000	5.059	0	0.00%	3	3.00%
MA0712.2:::OTX2	AAGGGATTAGAA	1e0	0.000	2.556	0	0.00%	17	17.00%
MA1113.2:::PBX2	GTCATAAATCATT	1e0	0.000	3.644	0	0.00%	8	8.00%
MA0681.2:::PHOX2B	TTTAATCAAATTATAT	1e0	0.000	5.644	0	0.00%	2	2.00%
MA0627.2:::POU2F3	AATATGCAAATAA	1e0	0.000	3.837	0	0.00%	7	7.00%
MA0684.2:::RUNX3	AAAACCTCAAAT	1e0	0.000	1.943	0	0.00%	26	26.00%
MA0743.2:::SCRT1	AATTCAACAGGTGGTT	1e0	0.000	2.943	0	0.00%	13	13.00%
MA0744.2:::SCRT2	AAAGCAACAGGTGGTT	1e0	0.000	2.644	0	0.00%	16	16.00%
MA0745.2:::SNAI2	ATGCACCTGTCAT	1e0	0.000	2.252	0	0.00%	21	21.00%
MA0143.4:::SOX2	AAACAATGGAA	1e0	0.000	2.837	0	0.00%	14	14.00%
MA0081.2:::SPIB	TTTCACTTCCTCTTTT	1e0	0.000	2.837	0	0.00%	14	14.00%
MA0829.2:::SREBF1	AGATCACCTGATCT	1e0	0.000	3.837	0	0.00%	7	7.00%
MA0522.3:::TCF3	CGCACCTGCCC	1e0	0.000	2.252	0	0.00%	21	21.00%
MA0830.2:::TCF4	CGGCACCTGCCCC	1e0	0.000	1.252	0	0.00%	42	42.00%
MA0769.2:::TCF7	TCCTTTGATGT	1e0	0.000	2.644	0	0.00%	16	16.00%
MA0090.3:::TEAD1	CCACATTCCAGGC	1e0	0.000	2.943	0	0.00%	13	13.00%
MA0809.2:::TEAD4	CCACATTCCAGG	1e0	0.000	2.943	0	0.00%	13	13.00%
MA0003.4:::TFAP2A	ATTGCCTCAGGCCA	1e0	0.000	1.737	0	0.00%	30	30.00%
MA0093.3:::USF1	TGGTCATGTGACCT	1e0	0.000	3.474	0	0.00%	9	9.00%
MA0748.2:::YY2	AGATGGCGGCG	1e0	0.000	1.690	0	0.00%	31	31.00%
MA0528.2:::ZNF263	GGGGGGAGGAGG	1e0	0.000	1.059	0	0.00%	48	48.00%
MA0609.2:::CREM	GCAGTGACGTCACTGC	1e0	0.000	2.837	0	0.00%	14	14.00%
MA1684.1:::Foxn1	GGACGC	1e0	0.000	0.811	0	0.00%	57	57.00%
MA1928.1:::BNC2	TTGTGAGTCATA	1e0	0.000	3.322	0	0.00%	10	10.00%
MA1929.1:::CTCF	CTGCAGTTCCAGCTGTGGCCACCAGGGGGCGCTA	1e0	0.000	2.556	0	0.00%	17	17.00%
MA1930.1:::CTCF	CTGCAGTTCCCCCTTCTGGCCACTAGGGGGCGCTA	1e0	0.000	3.322	0	0.00%	10	10.00%
MA1931.1:::ELK1::HOXA1	ACCGGAAGTAATTA	1e0	0.000	2.837	0	0.00%	14	14.00%
MA1932.1:::ELK1::HOXB13	ACCGGAAGTTGTAAAA	1e0	0.000	4.322	0	0.00%	5	5.00%
MA1933.1:::ELK1::SREBF2	ACCGGAAGTGGCGTGA	1e0	0.000	3.837	0	0.00%	7	7.00%
MA1934.1:::ERF::FIGLA	ACCGGAAACACCTGGT	1e0	0.000	4.059	0	0.00%	6	6.00%
MA1935.1:::ERF::FOXI1	GTAAACAGGAAGTG	1e0	0.000	2.737	0	0.00%	15	15.00%
MA1936.1:::ERF::FOXO1	GTAAACAGGAAGTG	1e0	0.000	2.644	0	0.00%	16	16.00%
MA1937.1:::ERF::HOXB13	ACCGGAAGTCGTAAAA	1e0	0.000	3.184	0	0.00%	11	11.00%
MA1938.1:::ERF::NHLH1	AGCAGCTGCCGGAAGTA	1e0	0.000	5.644	0	0.00%	2	2.00%
MA1939.1:::ERF::SREBF2	GCCGGAAATCACGTGAT	1e0	0.000	4.644	0	0.00%	4	4.00%
MA1940.1:::ETV2::DRGX	ACCGGAAGTAATTA	1e0	0.000	3.474	0	0.00%	9	9.00%
MA1941.1:::ETV2::FIGLA	ACCGGAAACAGGTGGT	1e0	0.000	2.943	0	0.00%	13	13.00%
MA1942.1:::ETV2::FOXI1	CGTAAACAGGAAGTG	1e0	0.000	2.737	0	0.00%	15	15.00%
MA1943.1:::ETV2::HOXB13	ACCGGAAACATAAAC	1e0	0.000	5.059	0	0.00%	3	3.00%
MA1944.1:::ETV5::DRGX	ACCGGAAGTAATTA	1e0	0.000	2.644	0	0.00%	16	16.00%
MA1945.1:::ETV5::FIGLA	GGCGGAAGCAGGTGG	1e0	0.000	3.184	0	0.00%	11	11.00%
MA1946.1:::ETV5::FOXI1	GTAAACAGGAAGT	1e0	0.000	3.644	0	0.00%	8	8.00%
MA1947.1:::ETV5::FOXO1	GTAAACAGGAAGT	1e0	0.000	2.737	0	0.00%	15	15.00%
MA1948.1:::ETV5::HOXA2	AGCGGAAGTAATTA	1e0	0.000	3.474	0	0.00%	9	9.00%
MA1949.1:::FLI1::DRGX	ACCGGAAGTAATTAT	1e0	0.000	3.644	0	0.00%	8	8.00%
MA1950.1:::FLI1::FOXI1	GTAAACAGGAAGTG	1e0	0.000	3.059	0	0.00%	12	12.00%
MA1951.1:::FOS	TGATGACGTCATCA	1e0	0.000	5.644	0	0.00%	2	2.00%
MA1952.1:::FOXJ2::ELF1	ATAAACAGGAAGTA	1e0	0.000	2.644	0	0.00%	16	16.00%
MA1953.1:::FOXO1::ELF1	GTAAACAGGAAGTA	1e0	0.000	3.837	0	0.00%	7	7.00%
MA1954.1:::FOXO1::ELK1	ATCAACAGGAAGTG	1e0	0.000	3.322	0	0.00%	10	10.00%
MA1955.1:::FOXO1::ELK3	GTAAACAGGAAGTG	1e0	0.000	3.474	0	0.00%	9	9.00%
MA1956.1:::FOXO1::FLI1	GTAAACAGGAAGTG	1e0	0.000	4.322	0	0.00%	5	5.00%
MA1957.1:::HOXB2::ELK1	ACCGGAAGTCATTA	1e0	0.000	3.644	0	0.00%	8	8.00%
MA1958.1:::HOXD12::ELK1	GGGCGGAAGTCGTAAAA	1e0	0.000	5.644	0	0.00%	2	2.00%
MA1960.1:::MGA::EVX1	AGGTGTTAATGA	1e0	0.000	3.059	0	0.00%	12	12.00%
MA1962.1:::POU2F1::SOX2	AATTTGCATAACAATGG	1e0	0.000	6.644	0	0.00%	1	1.00%
MA1963.1:::SATB1	TTACTAATAACTA	1e0	0.000	4.059	0	0.00%	6	6.00%
MA1964.1:::SMAD2	TGCCAGACAG	1e0	0.000	1.029	0	0.00%	49	49.00%
MA1966.1:::TFAP4::ETV1	GCCGGAAGCAGGTGGG	1e0	0.000	2.184	0	0.00%	22	22.00%
MA1967.1:::TFAP4::FLI1	ACCGGAAACAGCTGAT	1e0	0.000	4.644	0	0.00%	4	4.00%
MA1968.1:::TFCP2	AAACCGGTTT	1e0	0.000	3.059	0	0.00%	12	12.00%
MA1969.1:::THRA	CCTGTGTCCTCATGTGACCTCTCC	1e0	0.000	3.644	0	0.00%	8	8.00%
MA1970.1:::TRPS1	TATCTTATCTTT	1e0	0.000	3.837	0	0.00%	7	7.00%
MA1971.1:::ZBED2	GCAACGAAACCAGG	1e0	0.000	1.358	0	0.00%	39	39.00%
MA1972.1:::ZFP14	GGAGGCACTGGAATG	1e0	0.000	2.322	0	0.00%	20	20.00%
MA1973.1:::ZKSCAN3	GGGCCCAGGCTAGCCCACGC	1e0	0.000	4.059	0	0.00%	6	6.00%
MA1975.1:::ZNF214	ATTCATCAAGGTCCT	1e0	0.000	3.474	0	0.00%	9	9.00%
MA1976.1:::ZNF320	AGGGGGGCCCGGGGGCCTGTGCGAGGG	1e0	0.000	1.786	0	0.00%	29	29.00%
MA1977.1:::ZNF324	GCCAGGAAGACAAGGATGGTT	1e0	0.000	3.184	0	0.00%	11	11.00%
MA1978.1:::ZNF354A	ATAAATATAAATGGACTAATT	1e0	0.000	4.644	0	0.00%	4	4.00%
MA1979.1:::ZNF416	TATCTGGGCAC	1e0	0.000	2.184	0	0.00%	22	22.00%
MA1981.1:::ZNF530	GAAAGGAAAGGGGCGGGA	1e0	0.000	2.474	0	0.00%	18	18.00%
MA1982.1:::ZNF574	GGGCTAGAGCGGCCC	1e0	0.000	2.737	0	0.00%	15	15.00%
MA1983.1:::ZNF582	TCTGTTACTTGCAGCCAAAAG	1e0	0.000	4.644	0	0.00%	4	4.00%
MA1984.1:::ZNF667	TTAAGAGCTCAG	1e0	0.000	2.184	0	0.00%	22	22.00%
MA1985.1:::ZNF669	GGGGCGATGACCACT	1e0	0.000	2.396	0	0.00%	19	19.00%
MA1989.1:::Bcl11B	AAAAACCACAAGAA	1e0	0.000	2.184	0	0.00%	22	22.00%
MA1991.1:::Hnf1A	TGCCTTTGATCTTG	1e0	0.000	3.059	0	0.00%	12	12.00%
MA1992.1:::Ikzf3	AGACAGGAAGTGGGG	1e0	0.000	1.786	0	0.00%	29	29.00%
MA1993.1:::Neurod2	GCCAGCTGGC	1e0	0.000	2.396	0	0.00%	19	19.00%
MA1994.1:::Nkx2-1	ACCACTTGAACTT	1e0	0.000	2.644	0	0.00%	16	16.00%
MA1995.1:::Npas4	AATCGTGACTC	1e0	0.000	3.059	0	0.00%	12	12.00%
MA1997.1:::Olig2	AGCAGCTGCT	1e0	0.000	2.252	0	0.00%	21	21.00%
MA1999.1:::Prdm5	CTGTTCTCCATCTCC	1e0	0.000	2.396	0	0.00%	19	19.00%
MA2001.1:::Six4	GAAACCTGAGC	1e0	0.000	2.943	0	0.00%	13	13.00%
MA2002.1:::Zfp335	GATCAGGCACT	1e0	0.000	1.515	0	0.00%	35	35.00%
MA2003.1:::NKX2-4	CCACTTGAAC	1e0	0.000	1.690	0	0.00%	31	31.00%
MA0037.4:::Gata3	TTTCTTATCTGT	1e0	0.000	3.837	0	0.00%	7	7.00%
MA0050.3:::Irf1	AATGAAACTGAAAGT	1e0	0.000	4.059	0	0.00%	6	6.00%
MA0067.2:::PAX2	TCAGTGAAGCGTGACGA	1e0	0.000	3.837	0	0.00%	7	7.00%
MA0078.2:::Sox17	AAAGAACAATGGAA	1e0	0.000	2.556	0	0.00%	17	17.00%
MA0087.2:::Sox5	GAGAACAATGGGA	1e0	0.000	2.837	0	0.00%	14	14.00%
MA0095.3:::Yy1	AACAAAATGGCG	1e0	0.000	2.837	0	0.00%	14	14.00%
MA0136.3:::Elf5	AGAAGGAAGTGA	1e0	0.000	2.737	0	0.00%	15	15.00%
MA0152.2:::Nfatc2	AAGCAATGGAAACTAT	1e0	0.000	3.184	0	0.00%	11	11.00%
MA0156.3:::FEV	AACCGGAAGTGA	1e0	0.000	2.737	0	0.00%	15	15.00%
MA0160.2:::NR4A2	TTAAAGGTCA	1e0	0.000	3.184	0	0.00%	11	11.00%
MA0466.3:::CEBPB	TATTGCGCAATA	1e0	0.000	4.059	0	0.00%	6	6.00%
MA0474.3:::Erg	AAACAGGAAGTGGG	1e0	0.000	2.252	0	0.00%	21	21.00%
MA0489.2:::Jun	TATGACTCATCT	1e0	0.000	2.943	0	0.00%	13	13.00%
MA0493.2:::KLF1	GGGGCGGGG	1e0	0.000	0.837	0	0.00%	56	56.00%
MA0507.2:::POU2F2	AATATGCAAATTAG	1e0	0.000	6.644	0	0.00%	1	1.00%
MA0509.3:::RFX1	CGTTGCCATGGCAACG	1e0	0.000	6.644	0	0.00%	0	0.00%
MA0514.2:::Sox3	AAACAATGGAA	1e0	0.000	2.252	0	0.00%	21	21.00%
MA0516.3:::SP2	GGGGCGGGG	1e0	0.000	0.916	0	0.00%	53	53.00%
MA0521.2:::Tcf12	GAACAGCTGTTC	1e0	0.000	2.322	0	0.00%	20	20.00%
MA0526.4:::USF2	GGTCACGTGACC	1e0	0.000	4.322	0	0.00%	5	5.00%
MA0606.2:::Nfat5	ACATGGAAAATT	1e0	0.000	3.474	0	0.00%	9	9.00%
MA0607.2:::BHLHA15	ACCATATGGT	1e0	0.000	3.837	0	0.00%	7	7.00%
MA0611.2:::Dux	CTGATTCAATCACTTA	1e0	0.000	4.322	0	0.00%	5	5.00%
MA0624.2:::Nfatc1	CAATGGAAAATA	1e0	0.000	2.737	0	0.00%	15	15.00%
MA0625.2:::NFATC3	ATGGAAAAT	1e0	0.000	2.474	0	0.00%	18	18.00%
MA0633.2:::Twist2	CGCAGCTGCG	1e0	0.000	2.252	0	0.00%	21	21.00%
MA0651.2:::HOXC11	AGGTCGTAAAAA	1e0	0.000	4.322	0	0.00%	5	5.00%
MA0659.3:::Mafg	GTGCTGACTCAGCAG	1e0	0.000	3.059	0	0.00%	12	12.00%
MA0680.2:::Pax7	ATTAATCAATTATTT	1e0	0.000	6.644	0	0.00%	1	1.00%
MA0685.2:::SP4	GGGGCGGGG	1e0	0.000	0.811	0	0.00%	57	57.00%
MA0693.3:::Vdr	CTGAGTTCATA	1e0	0.000	2.837	0	0.00%	14	14.00%
MA0723.2:::VAX2	GTAATTAG	1e0	0.000	5.059	0	0.00%	3	3.00%
MA0740.2:::KLF14	GGGGCGGGG	1e0	0.000	0.761	0	0.00%	59	59.00%
MA0742.2:::KLF12	GGGGCGGGG	1e0	0.000	0.971	0	0.00%	51	51.00%
MA0754.2:::CUX1	TAATCGATAA	1e0	0.000	3.644	0	0.00%	8	8.00%
MA0756.2:::ONECUT2	CGATCGATA	1e0	0.000	3.322	0	0.00%	10	10.00%
MA0759.2:::ELK3	ACCGGAAGTGG	1e0	0.000	2.474	0	0.00%	18	18.00%
MA0764.3:::ETV4	ACCGGAAGTG	1e0	0.000	1.837	0	0.00%	28	28.00%
MA0765.3:::ETV5	ACCGGAAGTG	1e0	0.000	2.644	0	0.00%	16	16.00%
MA0768.2:::Lef1	TTTCCTTTGATGTT	1e0	0.000	3.059	0	0.00%	12	12.00%
MA0784.2:::POU1F1	AGCTAATTTGCATAAT	1e0	0.000	6.644	0	0.00%	0	0.00%
MA0798.3:::RFX3	CGTTGCCATGGCAACG	1e0	0.000	6.644	0	0.00%	0	0.00%
MA0799.2:::RFX4	CCGTTGCTTAGCAACGG	1e0	0.000	5.059	0	0.00%	3	3.00%
MA0818.2:::BHLHE22	ACCATATGGT	1e0	0.000	3.184	0	0.00%	11	11.00%
MA0819.2:::CLOCK	AAACACGTGC	1e0	0.000	2.396	0	0.00%	19	19.00%
MA0821.2:::HES5	GGCACGTGCC	1e0	0.000	2.474	0	0.00%	18	18.00%
MA0828.2:::SREBF2	ATATCACGTGATAA	1e0	0.000	5.644	0	0.00%	2	2.00%
MA0831.3:::TFE3	GTCACGTGAC	1e0	0.000	3.322	0	0.00%	10	10.00%
MA0837.2:::CEBPE	TATTGCGCAATA	1e0	0.000	3.644	0	0.00%	8	8.00%
MA0847.3:::FOXD2	CTTAAACAAACA	1e0	0.000	5.059	0	0.00%	3	3.00%
MA0865.2:::E2F8	TTCCCGCCAAAA	1e0	0.000	1.737	0	0.00%	30	30.00%
MA0877.3:::BARHL1	ACCGTTTA	1e0	0.000	2.252	0	0.00%	21	21.00%
MA0878.3:::CDX1	GGCAATAAAA	1e0	0.000	3.184	0	0.00%	11	11.00%
MA0884.2:::DUXA	TTGATTTAATCAA	1e0	0.000	6.644	0	0.00%	1	1.00%
MA0885.2:::Dlx2	AAGCAATTAGCA	1e0	0.000	3.059	0	0.00%	12	12.00%
MA1472.2:::Bhlha15	GAACAGCTGTTC	1e0	0.000	2.943	0	0.00%	13	13.00%
MA1476.2:::Dlx5	AAGCAATTAGCA	1e0	0.000	3.059	0	0.00%	12	12.00%
MA1483.2:::ELF2	AACCCGGAAGTA	1e0	0.000	2.737	0	0.00%	15	15.00%
MA1491.2:::GLI3	GGACCACCCACGTCGC	1e0	0.000	4.059	0	0.00%	6	6.00%
MA1498.2:::HOXA7	GCAATTAA	1e0	0.000	4.059	0	0.00%	6	6.00%
MA1511.2:::KLF10	GGGGCGGGG	1e0	0.000	0.599	0	0.00%	66	66.00%
MA1518.2:::Lhx1	AGGTGCTAATTAGCACCT	1e0	0.000	4.644	0	0.00%	4	4.00%
MA1524.2:::Msgn1	GGAGACAAATGGTGGC	1e0	0.000	4.059	0	0.00%	6	6.00%
MA1525.2:::NFATC4	AATGGAAAAT	1e0	0.000	2.556	0	0.00%	17	17.00%
MA1532.2:::NR1D2	TGGGTTAGTAGGTCA	1e0	0.000	4.322	0	0.00%	5	5.00%
MA1563.2:::SOX18	AACAATTC	1e0	0.000	2.474	0	0.00%	18	18.00%
MA1573.2:::Thap11	ACTACAATTCCCAG	1e0	0.000	3.059	0	0.00%	12	12.00%
MA1601.2:::ZNF75D	GTGGGAAAGCCT	1e0	0.000	3.837	0	0.00%	7	7.00%
MA1630.2:::ZNF281	GGGGGAGGGGAG	1e0	0.000	2.059	0	0.00%	24	24.00%
MA1633.2:::BACH1	ATGACTCAT	1e0	0.000	2.737	0	0.00%	15	15.00%
MA1647.2:::Prdm4	GAGCCTTGAAACTGTCA	1e0	0.000	3.837	0	0.00%	7	7.00%
